Date,label,score
2021-07-01 00:00:00,0,0.0004166666666666667
2021-07-01 01:00:00,0,0.0
2021-07-01 02:00:00,0,0.0
2021-07-01 03:00:00,0,0.0
2021-07-01 04:00:00,0,0.0
2021-07-01 05:00:00,0,0.0
2021-07-01 06:00:00,0,0.0064285714285714285
2021-07-01 07:00:00,0,0.11507486903075136
2021-07-01 08:00:00,1,0.560770093597493
2021-07-01 09:00:00,1,0.8619828672789203
2021-07-01 10:00:00,1,0.65062092999593
2021-07-01 11:00:00,1,0.6810246670540789
2021-07-01 12:00:00,0,0.11879759592259594
2021-07-01 13:00:00,1,0.5274841735062326
2021-07-01 14:00:00,1,0.8676390553890557
2021-07-01 15:00:00,1,0.7135273375861613
2021-07-01 16:00:00,1,0.4903847195832493
2021-07-01 17:00:00,0,0.35582997095497104
2021-07-01 18:00:00,0,0.4109968734968736
2021-07-01 19:00:00,0,0.13704766529766527
2021-07-01 20:00:00,0,0.011628306878306878
2021-07-01 21:00:00,0,0.00037037037037037035
2021-07-01 22:00:00,0,0.0
2021-07-01 23:00:00,0,0.0
2021-07-02 00:00:00,0,0.0006060606060606061
2021-07-02 01:00:00,0,0.0
2021-07-02 02:00:00,0,0.0
2021-07-02 03:00:00,0,0.0
2021-07-02 04:00:00,0,0.0
2021-07-02 05:00:00,0,0.0
2021-07-02 06:00:00,0,0.0042877492877492875
2021-07-02 07:00:00,0,0.004128787878787879
2021-07-02 08:00:00,0,0.5492908080481609
2021-07-02 09:00:00,1,0.4409329806903337
2021-07-02 10:00:00,1,0.5752106776665601
2021-07-02 11:00:00,1,0.7211911231183674
2021-07-02 12:00:00,0,0.04409558886532569
2021-07-02 13:00:00,0,0.6273754118974711
2021-07-02 14:00:00,1,0.34075331617127275
2021-07-02 15:00:00,0,0.4873490101945984
2021-07-02 16:00:00,0,0.28834408211614093
2021-07-02 17:00:00,0,0.0908743941243941
2021-07-02 18:00:00,0,0.09961750749250746
2021-07-02 19:00:00,0,0.003658008658008658
2021-07-02 20:00:00,0,0.0
2021-07-02 21:00:00,0,0.0
2021-07-02 22:00:00,0,0.0
2021-07-02 23:00:00,0,0.0
2021-07-03 00:00:00,0,0.002916666666666667
2021-07-03 01:00:00,0,0.0
2021-07-03 02:00:00,0,0.0
2021-07-03 03:00:00,0,0.0
2021-07-03 04:00:00,0,0.0
2021-07-03 05:00:00,0,0.0
2021-07-03 06:00:00,0,0.0
2021-07-03 07:00:00,0,0.0
2021-07-03 08:00:00,0,0.033284252784252774
2021-07-03 09:00:00,0,0.03215620708267767
2021-07-03 10:00:00,0,0.0004166666666666667
2021-07-03 11:00:00,0,0.013927368927368929
2021-07-03 12:00:00,0,0.0
2021-07-03 13:00:00,0,0.050311901061901046
2021-07-03 14:00:00,0,0.013092056092056093
2021-07-03 15:00:00,0,0.04036204536204535
2021-07-03 16:00:00,0,0.0
2021-07-03 17:00:00,0,0.0
2021-07-03 18:00:00,0,0.0
2021-07-03 19:00:00,0,0.0
2021-07-03 20:00:00,0,0.0
2021-07-03 21:00:00,0,0.0
2021-07-03 22:00:00,0,0.0
2021-07-03 23:00:00,0,0.0
2021-07-04 00:00:00,0,0.0
2021-07-04 01:00:00,0,0.0
2021-07-04 02:00:00,0,0.0
2021-07-04 03:00:00,0,0.0
2021-07-04 04:00:00,0,0.0
2021-07-04 05:00:00,0,0.0
2021-07-04 06:00:00,0,0.0
2021-07-04 07:00:00,0,0.0
2021-07-04 08:00:00,0,0.0004166666666666667
2021-07-04 09:00:00,0,0.0033459595959595954
2021-07-04 10:00:00,0,0.0
2021-07-04 11:00:00,0,0.0015277777777777776
2021-07-04 12:00:00,0,0.0027705627705627706
2021-07-04 13:00:00,0,0.0008333333333333334
2021-07-04 14:00:00,0,0.0023611111111111107
2021-07-04 15:00:00,0,0.0008333333333333334
2021-07-04 16:00:00,0,0.0008333333333333334
2021-07-04 17:00:00,0,0.0008333333333333334
2021-07-04 18:00:00,0,0.0
2021-07-04 19:00:00,0,0.001818181818181818
2021-07-04 20:00:00,0,0.0
2021-07-04 21:00:00,0,0.0
2021-07-04 22:00:00,0,0.0
2021-07-04 23:00:00,0,0.0
2021-07-05 00:00:00,0,0.0
2021-07-05 01:00:00,0,0.0009523809523809524
2021-07-05 02:00:00,0,0.0
2021-07-05 03:00:00,0,0.0
2021-07-05 04:00:00,0,0.0
2021-07-05 05:00:00,0,0.0
2021-07-05 06:00:00,0,0.0
2021-07-05 07:00:00,0,0.0005555555555555556
2021-07-05 08:00:00,1,0.7369209257518081
2021-07-05 09:00:00,0,0.519842612997025
2021-07-05 10:00:00,1,0.3607269628519629
2021-07-05 11:00:00,1,0.6713097362876771
2021-07-05 12:00:00,0,0.06764079195658142
2021-07-05 13:00:00,1,0.6425925014527955
2021-07-05 14:00:00,0,0.40165549374372894
2021-07-05 15:00:00,1,0.28243325764649285
2021-07-05 16:00:00,0,0.21027998880204768
2021-07-05 17:00:00,0,0.1922955595602655
2021-07-05 18:00:00,0,0.1599239695489695
2021-07-05 19:00:00,0,0.0420301689051689
2021-07-05 20:00:00,0,0.0006666666666666668
2021-07-05 21:00:00,0,0.0025106837606837604
2021-07-05 22:00:00,0,0.0
2021-07-05 23:00:00,0,0.0
2021-07-06 00:00:00,0,0.0
2021-07-06 01:00:00,0,0.000625
2021-07-06 02:00:00,0,0.0004761904761904762
2021-07-06 03:00:00,0,0.0
2021-07-06 04:00:00,0,0.0
2021-07-06 05:00:00,0,0.0
2021-07-06 06:00:00,0,0.0008333333333333334
2021-07-06 07:00:00,0,0.04596842318901141
2021-07-06 08:00:00,1,0.45194780002132934
2021-07-06 09:00:00,1,0.7932324094034622
2021-07-06 10:00:00,0,0.7182163619977093
2021-07-06 11:00:00,1,0.6764242796963384
2021-07-06 12:00:00,0,0.04627530559109506
2021-07-06 13:00:00,0,0.5304942113986229
2021-07-06 14:00:00,1,0.14650871813371813
2021-07-06 15:00:00,0,0.4563894574923987
2021-07-06 16:00:00,0,0.2760890683390685
2021-07-06 17:00:00,0,0.06773387723387723
2021-07-06 18:00:00,0,0.15799654512154512
2021-07-06 19:00:00,0,0.08481754819254818
2021-07-06 20:00:00,0,0.0020833333333333333
2021-07-06 21:00:00,0,0.0
2021-07-06 22:00:00,0,0.0008333333333333334
2021-07-06 23:00:00,0,0.0
2021-07-07 00:00:00,0,0.0
2021-07-07 01:00:00,0,0.0
2021-07-07 02:00:00,0,0.0
2021-07-07 03:00:00,0,0.0
2021-07-07 04:00:00,0,0.0
2021-07-07 05:00:00,0,0.0
2021-07-07 06:00:00,0,0.0
2021-07-07 07:00:00,0,0.008531024531024532
2021-07-07 08:00:00,1,0.5506181347891873
2021-07-07 09:00:00,1,0.7946210711230066
2021-07-07 10:00:00,1,0.5617248108645165
2021-07-07 11:00:00,1,0.5164149000151322
2021-07-07 12:00:00,0,0.06678012874065506
2021-07-07 13:00:00,1,0.4713654967037319
2021-07-07 14:00:00,1,0.5255196555393925
2021-07-07 15:00:00,0,0.3998158706761647
2021-07-07 16:00:00,1,0.5163600348453289
2021-07-07 17:00:00,1,0.33721689421689427
2021-07-07 18:00:00,0,0.43027970096352447
2021-07-07 19:00:00,0,0.10337230035759448
2021-07-07 20:00:00,0,0.011392857142857144
2021-07-07 21:00:00,0,0.017826273943921004
2021-07-07 22:00:00,0,0.0
2021-07-07 23:00:00,0,0.0
2021-07-08 00:00:00,0,0.0006060606060606061
2021-07-08 01:00:00,0,0.0
2021-07-08 02:00:00,0,0.0014285714285714286
2021-07-08 03:00:00,0,0.0
2021-07-08 04:00:00,0,0.0
2021-07-08 05:00:00,0,0.0
2021-07-08 06:00:00,0,0.0
2021-07-08 07:00:00,0,0.09070509583009582
2021-07-08 08:00:00,1,0.6517078489249541
2021-07-08 09:00:00,1,0.37159219912354585
2021-07-08 10:00:00,1,0.5683287311100781
2021-07-08 11:00:00,1,0.8344015701074526
2021-07-08 12:00:00,0,0.16190975617949305
2021-07-08 13:00:00,1,0.6476278481866717
2021-07-08 14:00:00,1,0.8510094812594812
2021-07-08 15:00:00,1,0.6457496893085131
2021-07-08 16:00:00,1,0.4794002527973119
2021-07-08 17:00:00,0,0.29796839661313335
2021-07-08 18:00:00,0,0.3205018698621641
2021-07-08 19:00:00,0,0.11848193473193473
2021-07-08 20:00:00,0,0.00037037037037037035
2021-07-08 21:00:00,0,0.0
2021-07-08 22:00:00,0,0.0
2021-07-08 23:00:00,0,0.0
2021-07-09 00:00:00,0,0.0004166666666666667
2021-07-09 01:00:00,0,0.0
2021-07-09 02:00:00,0,0.0
2021-07-09 03:00:00,0,0.0
2021-07-09 04:00:00,0,0.0
2021-07-09 05:00:00,0,0.0009523809523809524
2021-07-09 06:00:00,0,0.0
2021-07-09 07:00:00,0,0.0033333333333333335
2021-07-09 08:00:00,1,0.5019856099066629
2021-07-09 09:00:00,0,0.7445097680097681
2021-07-09 10:00:00,0,0.5127770954965226
2021-07-09 11:00:00,0,0.5367656488105403
2021-07-09 12:00:00,0,0.04232719132719132
2021-07-09 13:00:00,1,0.5844983646527765
2021-07-09 14:00:00,1,0.5023284539534543
2021-07-09 15:00:00,1,0.7233044847452745
2021-07-09 16:00:00,0,0.4551793652254181
2021-07-09 17:00:00,0,0.4430489547002705
2021-07-09 18:00:00,0,0.11902569190069191
2021-07-09 19:00:00,0,0.01716534391534391
2021-07-09 20:00:00,0,0.0027777777777777775
2021-07-09 21:00:00,0,0.0013333333333333335
2021-07-09 22:00:00,0,0.0009722222222222221
2021-07-09 23:00:00,0,0.0
2021-07-10 00:00:00,0,0.0004166666666666667
2021-07-10 01:00:00,0,0.0
2021-07-10 02:00:00,0,0.0
2021-07-10 03:00:00,0,0.0
2021-07-10 04:00:00,0,0.0
2021-07-10 05:00:00,0,0.0
2021-07-10 06:00:00,0,0.0
2021-07-10 07:00:00,0,0.0
2021-07-10 08:00:00,0,0.16468796454090578
2021-07-10 09:00:00,0,0.02839512802012802
2021-07-10 10:00:00,0,0.07751177063677064
2021-07-10 11:00:00,0,0.03519886132386132
2021-07-10 12:00:00,0,0.014419261294261293
2021-07-10 13:00:00,0,0.10117512580012579
2021-07-10 14:00:00,0,0.2565473565105918
2021-07-10 15:00:00,0,0.04184893809893809
2021-07-10 16:00:00,0,0.0
2021-07-10 17:00:00,0,0.0008333333333333334
2021-07-10 18:00:00,0,0.0008333333333333334
2021-07-10 19:00:00,0,0.0
2021-07-10 20:00:00,0,0.0
2021-07-10 21:00:00,0,0.0
2021-07-10 22:00:00,0,0.0
2021-07-10 23:00:00,0,0.0
2021-07-11 00:00:00,0,0.0
2021-07-11 01:00:00,0,0.0
2021-07-11 02:00:00,0,0.0
2021-07-11 03:00:00,0,0.0
2021-07-11 04:00:00,0,0.0
2021-07-11 05:00:00,0,0.0
2021-07-11 06:00:00,0,0.0
2021-07-11 07:00:00,0,0.0
2021-07-11 08:00:00,0,0.002182539682539682
2021-07-11 09:00:00,0,0.001818181818181818
2021-07-11 10:00:00,0,0.0
2021-07-11 11:00:00,0,0.0
2021-07-11 12:00:00,0,0.0009523809523809524
2021-07-11 13:00:00,0,0.0023611111111111107
2021-07-11 14:00:00,0,0.011838818588818589
2021-07-11 15:00:00,0,0.0023611111111111107
2021-07-11 16:00:00,0,0.0008333333333333334
2021-07-11 17:00:00,0,0.0008333333333333334
2021-07-11 18:00:00,0,0.0008333333333333334
2021-07-11 19:00:00,0,0.0017857142857142857
2021-07-11 20:00:00,0,0.0
2021-07-11 21:00:00,0,0.0009523809523809524
2021-07-11 22:00:00,0,0.0
2021-07-11 23:00:00,0,0.0
2021-07-12 00:00:00,0,0.0
2021-07-12 01:00:00,0,0.001818181818181818
2021-07-12 02:00:00,0,0.0
2021-07-12 03:00:00,0,0.0
2021-07-12 04:00:00,0,0.0
2021-07-12 05:00:00,0,0.0
2021-07-12 06:00:00,0,0.0
2021-07-12 07:00:00,0,0.0029047619047619048
2021-07-12 08:00:00,1,0.6682927981604454
2021-07-12 09:00:00,1,0.9516815129315132
2021-07-12 10:00:00,1,0.9388958487046724
2021-07-12 11:00:00,1,0.8771477857654331
2021-07-12 12:00:00,0,0.12822791779370726
2021-07-12 13:00:00,0,0.6092138803462331
2021-07-12 14:00:00,1,0.5016205798558737
2021-07-12 15:00:00,1,0.8453423357688062
2021-07-12 16:00:00,0,0.5683574024015202
2021-07-12 17:00:00,0,0.4395019313475196
2021-07-12 18:00:00,0,0.417209755930344
2021-07-12 19:00:00,0,0.07150618825618826
2021-07-12 20:00:00,0,0.025108706108706115
2021-07-12 21:00:00,0,0.017507625272331153
2021-07-12 22:00:00,0,0.003611111111111111
2021-07-12 23:00:00,0,0.0022222222222222222
2021-07-13 00:00:00,0,0.0
2021-07-13 01:00:00,0,0.000625
2021-07-13 02:00:00,0,0.0
2021-07-13 03:00:00,0,0.0
2021-07-13 04:00:00,0,0.0
2021-07-13 05:00:00,0,0.0
2021-07-13 06:00:00,0,0.02116944166944167
2021-07-13 07:00:00,0,0.024529701779701776
2021-07-13 08:00:00,0,0.5697706661530193
2021-07-13 09:00:00,0,0.37301315868227636
2021-07-13 10:00:00,0,0.2333365433299644
2021-07-13 11:00:00,0,0.30079400375453014
2021-07-13 12:00:00,0,0.03075450937950938
2021-07-13 13:00:00,0,0.2863992861427072
2021-07-13 14:00:00,0,0.30597062683904797
2021-07-13 15:00:00,1,0.1714170644170644
2021-07-13 16:00:00,1,0.3137903893492129
2021-07-13 17:00:00,0,0.16742025567025576
2021-07-13 18:00:00,0,0.2464201955451956
2021-07-13 19:00:00,1,0.0835650923150923
2021-07-13 20:00:00,1,0.14395632997606683
2021-07-13 21:00:00,1,0.23218330280830282
2021-07-13 22:00:00,1,0.1579747883695252
2021-07-13 23:00:00,1,0.14548488548488556
2021-07-14 00:00:00,0,0.3285123872085947
2021-07-14 01:00:00,0,0.19612933036462446
2021-07-14 02:00:00,0,0.04176979039479039
2021-07-14 03:00:00,0,0.0
2021-07-14 04:00:00,0,0.0005555555555555556
2021-07-14 05:00:00,0,0.0
2021-07-14 06:00:00,0,0.0005555555555555556
2021-07-14 07:00:00,0,0.005246031746031746
2021-07-14 08:00:00,1,0.38286757357422996
2021-07-14 09:00:00,1,0.6784612361322891
2021-07-14 10:00:00,1,0.8250231250231252
2021-07-14 11:00:00,1,0.6186166472416472
2021-07-14 12:00:00,0,0.146380587005587
2021-07-14 13:00:00,1,0.47169670416729237
2021-07-14 14:00:00,1,0.3501899902499747
2021-07-14 15:00:00,0,0.5112955005234415
2021-07-14 16:00:00,0,0.43244362772303957
2021-07-14 17:00:00,1,0.2017824767824768
2021-07-14 18:00:00,0,0.32367770111152466
2021-07-14 19:00:00,0,0.28439171041376926
2021-07-14 20:00:00,0,0.13919713619713614
2021-07-14 21:00:00,0,0.035509259259259254
2021-07-14 22:00:00,0,0.13005579605579606
2021-07-14 23:00:00,0,0.2392697672697673
2021-07-15 00:00:00,0,0.0011111111111111111
2021-07-15 01:00:00,0,0.0
2021-07-15 02:00:00,0,0.0
2021-07-15 03:00:00,0,0.0
2021-07-15 04:00:00,0,0.0
2021-07-15 05:00:00,0,0.0
2021-07-15 06:00:00,0,0.0
2021-07-15 07:00:00,0,0.004543650793650794
2021-07-15 08:00:00,0,0.3178736431696958
2021-07-15 09:00:00,0,0.361356467119625
2021-07-15 10:00:00,0,0.29449492466597726
2021-07-15 11:00:00,0,0.34920841658341656
2021-07-15 12:00:00,0,0.11210131263072441
2021-07-15 13:00:00,0,0.28011299131152073
2021-07-15 14:00:00,0,0.19117374292374295
2021-07-15 15:00:00,0,0.15551437281042543
2021-07-15 16:00:00,1,0.03973174973174974
2021-07-15 17:00:00,0,0.4143506521571537
2021-07-15 18:00:00,1,0.26843039368039373
2021-07-15 19:00:00,0,0.5209418352115723
2021-07-15 20:00:00,0,0.19258697457226864
2021-07-15 21:00:00,1,0.08289171939171938
2021-07-15 22:00:00,1,0.2979417658365027
2021-07-15 23:00:00,1,0.34075138677112365
2021-07-16 00:00:00,0,0.36804893862014604
2021-07-16 01:00:00,0,0.25494132120602697
2021-07-16 02:00:00,0,0.0720134448884449
2021-07-16 03:00:00,0,0.0
2021-07-16 04:00:00,0,0.00037037037037037035
2021-07-16 05:00:00,0,0.0
2021-07-16 06:00:00,0,0.0006666666666666668
2021-07-16 07:00:00,0,0.0025714285714285713
2021-07-16 08:00:00,1,0.3831974678371739
2021-07-16 09:00:00,1,0.834806932102985
2021-07-16 10:00:00,1,0.7587939976689978
2021-07-16 11:00:00,1,0.7490249491793609
2021-07-16 12:00:00,0,0.16133676046176054
2021-07-16 13:00:00,1,0.5976791938997823
2021-07-16 14:00:00,1,0.5999948365474683
2021-07-16 15:00:00,1,0.4203568713421654
2021-07-16 16:00:00,0,0.4891464324718971
2021-07-16 17:00:00,0,0.39317249417249406
2021-07-16 18:00:00,0,0.4802312676430326
2021-07-16 19:00:00,0,0.01128908128908129
2021-07-16 20:00:00,0,0.005808922558922559
2021-07-16 21:00:00,0,0.2506573704073705
2021-07-16 22:00:00,0,0.3135304613686966
2021-07-16 23:00:00,0,0.29555198614022155
2021-07-17 00:00:00,0,0.0
2021-07-17 01:00:00,0,0.0
2021-07-17 02:00:00,0,0.0
2021-07-17 03:00:00,0,0.0
2021-07-17 04:00:00,0,0.0
2021-07-17 05:00:00,0,0.0
2021-07-17 06:00:00,0,0.0
2021-07-17 07:00:00,0,0.0009523809523809524
2021-07-17 08:00:00,0,0.29319771513889153
2021-07-17 09:00:00,0,0.16738443718590787
2021-07-17 10:00:00,0,0.06518810573957631
2021-07-17 11:00:00,0,0.2334645041777395
2021-07-17 12:00:00,0,0.0032936507936507935
2021-07-17 13:00:00,0,0.0033055555555555555
2021-07-17 14:00:00,0,0.0012222222222222224
2021-07-17 15:00:00,0,0.04582512857512857
2021-07-17 16:00:00,0,0.018543863543863545
2021-07-17 17:00:00,0,0.0
2021-07-17 18:00:00,0,0.04748866873866872
2021-07-17 19:00:00,0,0.0
2021-07-17 20:00:00,0,0.0
2021-07-17 21:00:00,0,0.0015355477855477856
2021-07-17 22:00:00,0,0.04748866873866872
2021-07-17 23:00:00,0,0.015513976763976766
2021-07-18 00:00:00,0,0.0
2021-07-18 01:00:00,0,0.0
2021-07-18 02:00:00,0,0.0
2021-07-18 03:00:00,0,0.0
2021-07-18 04:00:00,0,0.0
2021-07-18 05:00:00,0,0.0
2021-07-18 06:00:00,0,0.0
2021-07-18 07:00:00,0,0.0
2021-07-18 08:00:00,0,0.028709697709697717
2021-07-18 09:00:00,0,0.0034799922299922304
2021-07-18 10:00:00,0,0.0023611111111111107
2021-07-18 11:00:00,0,0.041556489806489794
2021-07-18 12:00:00,0,0.0009523809523809524
2021-07-18 13:00:00,0,0.0015277777777777776
2021-07-18 14:00:00,0,0.0015277777777777776
2021-07-18 15:00:00,0,0.002646658896658897
2021-07-18 16:00:00,0,0.0008333333333333334
2021-07-18 17:00:00,0,0.0008333333333333334
2021-07-18 18:00:00,0,0.0017857142857142857
2021-07-18 19:00:00,0,0.0008333333333333334
2021-07-18 20:00:00,0,0.0
2021-07-18 21:00:00,0,0.0
2021-07-18 22:00:00,0,0.001818181818181818
2021-07-18 23:00:00,0,0.0
2021-07-19 00:00:00,0,0.0
2021-07-19 01:00:00,0,0.0
2021-07-19 02:00:00,0,0.0
2021-07-19 03:00:00,0,0.0
2021-07-19 04:00:00,0,0.0
2021-07-19 05:00:00,0,0.0
2021-07-19 06:00:00,0,0.0
2021-07-19 07:00:00,0,0.00246031746031746
2021-07-19 08:00:00,1,0.6835000214926684
2021-07-19 09:00:00,1,0.9375353165353165
2021-07-19 10:00:00,1,0.7450447928977344
2021-07-19 11:00:00,1,0.9229565527065529
2021-07-19 12:00:00,0,0.18879591242091248
2021-07-19 13:00:00,1,0.6765301074198132
2021-07-19 14:00:00,1,0.7752452131202133
2021-07-19 15:00:00,1,0.6706876859523918
2021-07-19 16:00:00,1,0.49428609598462564
2021-07-19 17:00:00,1,0.4960901195754134
2021-07-19 18:00:00,1,0.5755995834231132
2021-07-19 19:00:00,0,0.4398034511784512
2021-07-19 20:00:00,0,0.14071368283132993
2021-07-19 21:00:00,0,0.03783720419014537
2021-07-19 22:00:00,0,0.01017195767195767
2021-07-19 23:00:00,0,0.0005555555555555556
2021-07-20 00:00:00,0,0.0
2021-07-20 01:00:00,0,0.0011111111111111111
2021-07-20 02:00:00,0,0.0014285714285714286
2021-07-20 03:00:00,0,0.0
2021-07-20 04:00:00,0,0.0026984126984126986
2021-07-20 05:00:00,0,0.04088255263255263
2021-07-20 06:00:00,0,0.0013888888888888887
2021-07-20 07:00:00,0,0.009286195286195287
2021-07-20 08:00:00,1,0.5105910834807893
2021-07-20 09:00:00,1,0.7434742131506833
2021-07-20 10:00:00,1,0.6382721845148315
2021-07-20 11:00:00,1,0.8424775763452234
2021-07-20 12:00:00,0,0.18202115939615943
2021-07-20 13:00:00,1,0.561950554075554
2021-07-20 14:00:00,1,0.7980800218300216
2021-07-20 15:00:00,1,0.7449741435035554
2021-07-20 16:00:00,1,0.5536317827053125
2021-07-20 17:00:00,0,0.3925620477017536
2021-07-20 18:00:00,1,0.4652670842229667
2021-07-20 19:00:00,0,0.38028920153920154
2021-07-20 20:00:00,0,0.3288845783845786
2021-07-20 21:00:00,0,0.23867176967912268
2021-07-20 22:00:00,0,0.20836907999407997
2021-07-20 23:00:00,0,0.2039312223723988
2021-07-21 00:00:00,0,0.009475589225589226
2021-07-21 01:00:00,0,0.0026574074074074074
2021-07-21 02:00:00,0,0.0026574074074074074
2021-07-21 03:00:00,0,0.0026574074074074074
2021-07-21 04:00:00,0,0.0026574074074074074
2021-07-21 05:00:00,0,0.00360978835978836
2021-07-21 06:00:00,0,0.00380026455026455
2021-07-21 07:00:00,0,0.006440957190957191
2021-07-21 08:00:00,1,0.616021438586067
2021-07-21 09:00:00,1,0.9303599409849409
2021-07-21 10:00:00,1,0.8068028306116544
2021-07-21 11:00:00,1,0.779201641495759
2021-07-21 12:00:00,0,0.21185887723387734
2021-07-21 13:00:00,1,0.6236995912584151
2021-07-21 14:00:00,1,0.8562426924926926
2021-07-21 15:00:00,1,0.5921887309313782
2021-07-21 16:00:00,1,0.5132436359936361
2021-07-21 17:00:00,0,0.5486003087326617
2021-07-21 18:00:00,0,0.4441042737219208
2021-07-21 19:00:00,0,0.13928764291264292
2021-07-21 20:00:00,0,0.029984968734968736
2021-07-21 21:00:00,0,0.011623737373737373
2021-07-21 22:00:00,0,0.008364478114478113
2021-07-21 23:00:00,0,0.00487962962962963
2021-07-22 00:00:00,0,0.0026574074074074074
2021-07-22 01:00:00,0,0.0026574074074074074
2021-07-22 02:00:00,0,0.0026574074074074074
2021-07-22 03:00:00,0,0.0026574074074074074
2021-07-22 04:00:00,0,0.0032129629629629626
2021-07-22 05:00:00,0,0.0014074074074074073
2021-07-22 06:00:00,0,0.0005555555555555556
2021-07-22 07:00:00,0,0.0012121212121212121
2021-07-22 08:00:00,1,0.5571596312184545
2021-07-22 09:00:00,1,0.7336648593924135
2021-07-22 10:00:00,1,0.6718671728598199
2021-07-22 11:00:00,1,0.8350750436926907
2021-07-22 12:00:00,0,0.20566646779146786
2021-07-22 13:00:00,0,0.5935915234003469
2021-07-22 14:00:00,1,0.49451211424740826
2021-07-22 15:00:00,1,0.6796593901740963
2021-07-22 16:00:00,0,0.47397083608113033
2021-07-22 17:00:00,0,0.2836985987868342
2021-07-22 18:00:00,0,0.27498362693950923
2021-07-22 19:00:00,0,0.0850452834202834
2021-07-22 20:00:00,0,0.07136875161875163
2021-07-22 21:00:00,0,0.20952511459129103
2021-07-22 22:00:00,0,0.2695304148465914
2021-07-22 23:00:00,0,0.20031721600839242
2021-07-23 00:00:00,0,0.00393939393939394
2021-07-23 01:00:00,0,0.0
2021-07-23 02:00:00,0,0.0
2021-07-23 03:00:00,0,0.0
2021-07-23 04:00:00,0,0.0
2021-07-23 05:00:00,0,0.0009523809523809524
2021-07-23 06:00:00,0,0.0016190476190476191
2021-07-23 07:00:00,0,0.0031269841269841265
2021-07-23 08:00:00,1,0.6118565445275971
2021-07-23 09:00:00,1,0.8373939070189075
2021-07-23 10:00:00,1,0.7852241647241649
2021-07-23 11:00:00,1,0.82044646421117
2021-07-23 12:00:00,0,0.14614936452436456
2021-07-23 13:00:00,1,0.5714240239607885
2021-07-23 14:00:00,1,0.8122099969747028
2021-07-23 15:00:00,1,0.8157315184815187
2021-07-23 16:00:00,1,0.512213127286657
2021-07-23 17:00:00,0,0.5395054760054759
2021-07-23 18:00:00,0,0.5931459907195206
2021-07-23 19:00:00,0,0.19689034114034112
2021-07-23 20:00:00,0,0.010239417989417991
2021-07-23 21:00:00,0,0.016376623376623375
2021-07-23 22:00:00,0,0.00037037037037037035
2021-07-23 23:00:00,0,0.0004166666666666667
2021-07-24 00:00:00,0,0.0006060606060606061
2021-07-24 01:00:00,0,0.0
2021-07-24 02:00:00,0,0.0014285714285714286
2021-07-24 03:00:00,0,0.0
2021-07-24 04:00:00,0,0.005
2021-07-24 05:00:00,0,0.0009523809523809524
2021-07-24 06:00:00,0,0.0009523809523809524
2021-07-24 07:00:00,0,0.0009523809523809524
2021-07-24 08:00:00,0,0.3740349612261374
2021-07-24 09:00:00,0,0.20152154082301155
2021-07-24 10:00:00,0,0.09548410603557661
2021-07-24 11:00:00,0,0.2673040812673166
2021-07-24 12:00:00,0,0.015441988566988564
2021-07-24 13:00:00,0,0.2241029583161937
2021-07-24 14:00:00,0,0.15586973674473684
2021-07-24 15:00:00,0,0.25792292538616074
2021-07-24 16:00:00,0,0.23814622985946524
2021-07-24 17:00:00,0,0.0015132275132275132
2021-07-24 18:00:00,0,0.0015132275132275132
2021-07-24 19:00:00,0,0.0013095238095238095
2021-07-24 20:00:00,0,0.0
2021-07-24 21:00:00,0,0.0
2021-07-24 22:00:00,0,0.0
2021-07-24 23:00:00,0,0.0
2021-07-25 00:00:00,0,0.0
2021-07-25 01:00:00,0,0.0
2021-07-25 02:00:00,0,0.0
2021-07-25 03:00:00,0,0.0
2021-07-25 04:00:00,0,0.0
2021-07-25 05:00:00,0,0.0
2021-07-25 06:00:00,0,0.0
2021-07-25 07:00:00,0,0.0
2021-07-25 08:00:00,0,0.05119141044141042
2021-07-25 09:00:00,0,0.002646658896658897
2021-07-25 10:00:00,0,0.0034799922299922304
2021-07-25 11:00:00,0,0.04747712472712471
2021-07-25 12:00:00,0,0.0017857142857142857
2021-07-25 13:00:00,0,0.011838818588818589
2021-07-25 14:00:00,0,0.0034799922299922304
2021-07-25 15:00:00,0,0.04961998186998185
2021-07-25 16:00:00,0,0.043223156473156464
2021-07-25 17:00:00,0,0.0008333333333333334
2021-07-25 18:00:00,0,0.0008333333333333334
2021-07-25 19:00:00,0,0.0008333333333333334
2021-07-25 20:00:00,0,0.0
2021-07-25 21:00:00,0,0.0
2021-07-25 22:00:00,0,0.0
2021-07-25 23:00:00,0,0.0
2021-07-26 00:00:00,0,0.0
2021-07-26 01:00:00,0,0.0
2021-07-26 02:00:00,0,0.0
2021-07-26 03:00:00,0,0.0
2021-07-26 04:00:00,0,0.0
2021-07-26 05:00:00,0,0.0
2021-07-26 06:00:00,0,0.0
2021-07-26 07:00:00,0,0.005246031746031746
2021-07-26 08:00:00,1,0.6992370793694324
2021-07-26 09:00:00,1,0.9589188311688311
2021-07-26 10:00:00,1,0.8830195583283819
2021-07-26 11:00:00,1,0.8999865951042421
2021-07-26 12:00:00,0,0.16899100436600445
2021-07-26 13:00:00,1,0.7322602846499905
2021-07-26 14:00:00,1,0.5280824711351031
2021-07-26 15:00:00,1,0.8649931577137457
2021-07-26 16:00:00,0,0.5137920801964923
2021-07-26 17:00:00,0,0.4840746614496613
2021-07-26 18:00:00,1,0.19347638010138005
2021-07-26 19:00:00,0,0.3131111628023393
2021-07-26 20:00:00,0,0.10992223952518072
2021-07-26 21:00:00,0,0.06535730935730935
2021-07-26 22:00:00,0,0.008885040885040885
2021-07-26 23:00:00,0,0.0009722222222222221
2021-07-27 00:00:00,0,0.0006060606060606061
2021-07-27 01:00:00,0,0.0
2021-07-27 02:00:00,0,0.004047619047619048
2021-07-27 03:00:00,0,0.0
2021-07-27 04:00:00,0,0.0
2021-07-27 05:00:00,0,0.027560245310245306
2021-07-27 06:00:00,0,0.0
2021-07-27 07:00:00,0,0.005222222222222222
2021-07-27 08:00:00,1,0.49532793601021147
2021-07-27 09:00:00,1,0.7712252786200153
2021-07-27 10:00:00,1,0.7191889379683497
2021-07-27 11:00:00,1,0.8150581809258283
2021-07-27 12:00:00,0,0.1814541615791617
2021-07-27 13:00:00,1,0.6115358035210974
2021-07-27 14:00:00,1,0.7897652412946529
2021-07-27 15:00:00,1,0.8486855867444103
2021-07-27 16:00:00,1,0.5722062436474205
2021-07-27 17:00:00,1,0.33016014541014543
2021-07-27 18:00:00,0,0.5188774488039197
2021-07-27 19:00:00,1,0.47715247443188624
2021-07-27 20:00:00,0,0.2165774958472327
2021-07-27 21:00:00,0,0.14756883992913403
2021-07-27 22:00:00,0,0.09715194065194065
2021-07-27 23:00:00,0,0.12275142994260638
2021-07-28 00:00:00,0,0.007329124579124579
2021-07-28 01:00:00,0,0.0026574074074074074
2021-07-28 02:00:00,0,0.0035159932659932663
2021-07-28 03:00:00,0,0.006247474747474747
2021-07-28 04:00:00,0,0.006293771043771043
2021-07-28 05:00:00,0,0.006293771043771043
2021-07-28 06:00:00,0,0.0026574074074074074
2021-07-28 07:00:00,0,0.012460197210197211
2021-07-28 08:00:00,1,0.49484338949664014
2021-07-28 09:00:00,1,0.8858309228897464
2021-07-28 10:00:00,1,0.7662439450527687
2021-07-28 11:00:00,1,0.8158751787428258
2021-07-28 12:00:00,0,0.2430896094646096
2021-07-28 13:00:00,1,0.6359344166182405
2021-07-28 14:00:00,1,0.8442052364846482
2021-07-28 15:00:00,1,0.739199457949458
2021-07-28 16:00:00,1,0.5110261146805266
2021-07-28 17:00:00,1,0.3833358759976407
2021-07-28 18:00:00,1,0.481318449252273
2021-07-28 19:00:00,0,0.5921580472904004
2021-07-28 20:00:00,0,0.17782040780570188
2021-07-28 21:00:00,0,0.1133921005465123
2021-07-28 22:00:00,0,0.011781144781144781
2021-07-28 23:00:00,0,0.00474074074074074
2021-07-29 00:00:00,0,0.0026574074074074074
2021-07-29 01:00:00,0,0.0026574074074074074
2021-07-29 02:00:00,0,0.0026574074074074074
2021-07-29 03:00:00,0,0.0026574074074074074
2021-07-29 04:00:00,0,0.0026574074074074074
2021-07-29 05:00:00,0,0.0026574074074074074
2021-07-29 06:00:00,0,0.004378540305010894
2021-07-29 07:00:00,0,0.024352934102934102
2021-07-29 08:00:00,1,0.4773763840218949
2021-07-29 09:00:00,1,0.7846781671487555
2021-07-29 10:00:00,1,0.6885242396492398
2021-07-29 11:00:00,1,0.7800501236236532
2021-07-29 12:00:00,0,0.20420304232804248
2021-07-29 13:00:00,1,0.6145328467828467
2021-07-29 14:00:00,1,0.8228211325711325
2021-07-29 15:00:00,1,0.7898137581372877
2021-07-29 16:00:00,0,0.505972434972435
2021-07-29 17:00:00,0,0.46323184440831494
2021-07-29 18:00:00,1,0.45361883514089385
2021-07-29 19:00:00,1,0.4380243367743366
2021-07-29 20:00:00,0,0.16932827357827357
2021-07-29 21:00:00,0,0.21530280503809915
2021-07-29 22:00:00,0,0.19142551892551893
2021-07-29 23:00:00,0,0.13387122681240327
2021-07-31 00:00:00,0,0.0026574074074074074
2021-07-31 01:00:00,0,0.007687710437710438
2021-07-31 02:00:00,0,0.0
2021-07-31 03:00:00,0,0.0
2021-07-31 04:00:00,0,0.0009523809523809524
2021-07-31 05:00:00,0,0.0009523809523809524
2021-07-31 06:00:00,0,0.0009523809523809524
2021-07-31 07:00:00,0,0.0014285714285714286
2021-07-31 08:00:00,0,0.31463500932618566
2021-07-31 09:00:00,0,0.29552673116643696
2021-07-31 10:00:00,0,0.2951300075197133
2021-07-31 11:00:00,0,0.298891678854914
2021-07-31 12:00:00,0,0.015941988566988564
2021-07-31 13:00:00,0,0.29880834552158064
2021-07-31 14:00:00,0,0.2899881379513731
2021-07-31 15:00:00,0,0.04087191512191512
2021-07-31 16:00:00,0,0.010386853886853889
2021-07-31 17:00:00,0,0.1260507640507641
2021-07-31 18:00:00,0,0.12544362119362124
2021-07-31 19:00:00,0,0.0008928571428571428
2021-07-31 20:00:00,0,0.0009523809523809524
2021-07-31 21:00:00,0,0.0009523809523809524
2021-07-31 22:00:00,0,0.0009523809523809524
2021-07-31 23:00:00,0,0.0014285714285714286
2021-08-01 00:00:00,0,0.0
2021-08-01 01:00:00,0,0.0004166666666666667
2021-08-01 02:00:00,0,0.0004166666666666667
2021-08-01 03:00:00,0,0.0
2021-08-01 04:00:00,0,0.0
2021-08-01 05:00:00,0,0.0
2021-08-01 06:00:00,0,0.0
2021-08-01 07:00:00,0,0.0
2021-08-01 08:00:00,0,0.04214890664890664
2021-08-01 09:00:00,0,0.04152733377733378
2021-08-01 10:00:00,0,0.028329846079846087
2021-08-01 11:00:00,0,0.03722959447959448
2021-08-01 12:00:00,0,0.000787037037037037
2021-08-01 13:00:00,0,0.03196296296296297
2021-08-01 14:00:00,0,0.03599867724867725
2021-08-01 15:00:00,0,0.0017619047619047618
2021-08-01 16:00:00,0,0.001369047619047619
2021-08-01 17:00:00,0,0.002762062012062012
2021-08-01 18:00:00,0,0.003297776297776298
2021-08-01 19:00:00,0,0.0010064102564102566
2021-08-01 20:00:00,0,0.0004166666666666667
2021-08-01 21:00:00,0,0.0
2021-08-01 22:00:00,0,0.0
2021-08-01 23:00:00,0,0.0
2021-08-02 00:00:00,0,0.0
2021-08-02 01:00:00,0,0.011819291819291821
2021-08-02 02:00:00,0,0.0060714285714285705
2021-08-02 03:00:00,0,0.0060714285714285705
2021-08-02 04:00:00,0,0.0013333333333333335
2021-08-02 05:00:00,0,0.011819291819291821
2021-08-02 06:00:00,0,0.004563492063492064
2021-08-02 07:00:00,0,0.009174825174825174
2021-08-02 08:00:00,0,0.41969100133550263
2021-08-02 09:00:00,0,0.19712500925000934
2021-08-02 10:00:00,0,0.2606688456589352
2021-08-02 11:00:00,0,0.24683142273327707
2021-08-02 12:00:00,0,0.01756849631849632
2021-08-02 13:00:00,0,0.23561450314391513
2021-08-02 14:00:00,0,0.22167637707087848
2021-08-02 15:00:00,0,0.17693168868168868
2021-08-02 16:00:00,0,0.14761249698014403
2021-08-02 17:00:00,0,0.15948564398564402
2021-08-02 18:00:00,0,0.17656109467874184
2021-08-02 19:00:00,0,0.12279146153410858
2021-08-02 20:00:00,0,0.007057997557997557
2021-08-02 21:00:00,0,0.0004166666666666667
2021-08-02 22:00:00,0,0.007579365079365079
2021-08-02 23:00:00,0,0.006468253968253968
2021-08-03 00:00:00,0,0.00523015873015873
2021-08-03 01:00:00,0,0.0
2021-08-03 02:00:00,0,0.004563492063492064
2021-08-03 03:00:00,0,0.00523015873015873
2021-08-03 04:00:00,0,0.0
2021-08-03 05:00:00,0,0.0
2021-08-03 06:00:00,0,0.0037857142857142864
2021-08-03 07:00:00,0,0.040123751449838395
2021-08-03 08:00:00,0,0.36550877288856837
2021-08-03 09:00:00,0,0.22166992511845465
2021-08-03 10:00:00,0,0.24871226861025297
2021-08-03 11:00:00,0,0.2348870834468326
2021-08-03 12:00:00,0,0.00800012025012025
2021-08-03 13:00:00,0,0.30072109923324764
2021-08-03 14:00:00,0,0.2141823958342501
2021-08-03 15:00:00,0,0.20898267888453312
2021-08-03 16:00:00,0,0.21868230823122137
2021-08-03 17:00:00,0,0.1354879213923332
2021-08-03 18:00:00,0,0.15335289084553796
2021-08-03 19:00:00,0,0.12150645487410193
2021-08-03 20:00:00,0,0.0
2021-08-03 21:00:00,0,0.0
2021-08-03 22:00:00,0,0.0
2021-08-03 23:00:00,0,0.0
2021-08-04 00:00:00,0,0.0013333333333333335
2021-08-04 01:00:00,0,0.004563492063492064
2021-08-04 02:00:00,0,0.00523015873015873
2021-08-04 03:00:00,0,0.0
2021-08-04 04:00:00,0,0.00523015873015873
2021-08-04 05:00:00,0,0.004563492063492064
2021-08-04 06:00:00,0,0.00030303030303030303
2021-08-04 07:00:00,0,0.16618350685262454
2021-08-04 08:00:00,0,0.3479558734459632
2021-08-04 09:00:00,0,0.26880953367462324
2021-08-04 10:00:00,0,0.23732468328536116
2021-08-04 11:00:00,0,0.24965149617835053
2021-08-04 12:00:00,0,0.018374051874051875
2021-08-04 13:00:00,0,0.28742277228786195
2021-08-04 14:00:00,0,0.25658180851307455
2021-08-04 15:00:00,0,0.18823324340715647
2021-08-04 16:00:00,0,0.15058512321012324
2021-08-04 17:00:00,0,0.15840002481178958
2021-08-04 18:00:00,0,0.16216634590899304
2021-08-04 19:00:00,0,0.12625357812122517
2021-08-04 20:00:00,0,0.0010064102564102566
2021-08-04 21:00:00,0,0.0004166666666666667
2021-08-04 22:00:00,0,0.003
2021-08-04 23:00:00,0,0.007134920634920635
2021-08-05 00:00:00,0,0.0
2021-08-05 01:00:00,0,0.0
2021-08-05 02:00:00,0,0.004563492063492064
2021-08-05 03:00:00,0,0.0
2021-08-05 04:00:00,0,0.004563492063492064
2021-08-05 05:00:00,0,0.0
2021-08-05 06:00:00,0,0.0037857142857142864
2021-08-05 07:00:00,0,0.018594137344137344
2021-08-05 08:00:00,0,0.365867275497071
2021-08-05 09:00:00,0,0.2661450441680285
2021-08-05 10:00:00,0,0.25410028799827233
2021-08-05 11:00:00,0,0.24921702039441654
2021-08-05 12:00:00,0,0.01348160173160173
2021-08-05 13:00:00,0,0.3010782982067814
2021-08-05 14:00:00,0,0.21409721249906677
2021-08-05 15:00:00,0,0.13946793783558492
2021-08-05 16:00:00,0,0.11305110466875175
2021-08-05 17:00:00,0,0.033810263810263814
2021-08-05 18:00:00,0,0.17302145213174638
2021-08-05 19:00:00,0,0.10792917784829548
2021-08-05 20:00:00,0,0.006583610833610834
2021-08-05 21:00:00,0,0.0010659340659340659
2021-08-05 22:00:00,0,0.007579365079365079
2021-08-05 23:00:00,0,0.0004166666666666667
2021-08-06 00:00:00,0,0.004563492063492064
2021-08-06 01:00:00,0,0.004563492063492064
2021-08-06 02:00:00,0,0.004563492063492064
2021-08-06 03:00:00,0,0.0
2021-08-06 04:00:00,0,0.004563492063492064
2021-08-06 05:00:00,0,0.004563492063492064
2021-08-06 06:00:00,0,0.00030303030303030303
2021-08-06 07:00:00,0,0.11696020666129359
2021-08-06 08:00:00,0,0.3379967584868482
2021-08-06 09:00:00,0,0.26406116970915405
2021-08-06 10:00:00,0,0.2286634787491566
2021-08-06 11:00:00,0,0.24819226096911534
2021-08-06 12:00:00,0,0.018374051874051875
2021-08-06 13:00:00,0,0.27443550955059914
2021-08-06 14:00:00,0,0.2395234813626422
2021-08-06 15:00:00,0,0.2168287254105332
2021-08-06 16:00:00,0,0.16886287786287787
2021-08-06 17:00:00,0,0.1666541884041885
2021-08-06 18:00:00,0,0.17864334576099294
2021-08-06 19:00:00,0,0.1190921007097478
2021-08-06 20:00:00,0,0.007057997557997557
2021-08-06 21:00:00,0,0.0004166666666666667
2021-08-06 22:00:00,0,0.008912698412698414
2021-08-06 23:00:00,0,0.0
2021-08-07 00:00:00,0,0.008477633477633478
2021-08-07 01:00:00,0,0.0
2021-08-07 02:00:00,0,0.009144300144300146
2021-08-07 03:00:00,0,0.00868253968253968
2021-08-07 04:00:00,0,0.0012222222222222224
2021-08-07 05:00:00,0,0.0
2021-08-07 06:00:00,0,0.0012222222222222224
2021-08-07 07:00:00,0,0.0096998556998557
2021-08-07 08:00:00,0,0.0009722222222222221
2021-08-07 09:00:00,0,0.020702602952602952
2021-08-07 10:00:00,0,0.019824175824175824
2021-08-07 11:00:00,0,0.000925925925925926
2021-08-07 12:00:00,0,0.00037037037037037035
2021-08-07 13:00:00,0,0.0023703703703703708
2021-08-07 14:00:00,0,0.0026243386243386246
2021-08-07 15:00:00,0,0.0012632275132275132
2021-08-07 16:00:00,0,0.0034854497354497357
2021-08-07 17:00:00,0,0.0068336108336108335
2021-08-07 18:00:00,0,0.014716006216006218
2021-08-07 19:00:00,0,0.0010064102564102566
2021-08-07 20:00:00,0,0.0025277777777777777
2021-08-07 21:00:00,0,0.002111111111111111
2021-08-07 22:00:00,0,0.0004166666666666667
2021-08-07 23:00:00,0,0.0004166666666666667
2021-08-08 00:00:00,0,0.015773707773707776
2021-08-08 01:00:00,0,0.013521793021793021
2021-08-08 02:00:00,0,0.012320938320938323
2021-08-08 03:00:00,0,0.0012222222222222224
2021-08-08 04:00:00,0,0.0006666666666666668
2021-08-08 05:00:00,0,0.012320938320938323
2021-08-08 06:00:00,0,0.0005555555555555556
2021-08-08 07:00:00,0,0.015773707773707776
2021-08-08 08:00:00,0,0.01716564916564917
2021-08-08 09:00:00,0,0.01751629851629852
2021-08-08 10:00:00,0,0.0009722222222222221
2021-08-08 11:00:00,0,0.0010833333333333333
2021-08-08 12:00:00,0,0.0006666666666666668
2021-08-08 13:00:00,0,0.0
2021-08-08 14:00:00,0,0.0
2021-08-08 15:00:00,0,0.002888888888888889
2021-08-08 16:00:00,0,0.0011111111111111111
2021-08-08 17:00:00,0,0.0
2021-08-08 18:00:00,0,0.0017777777777777776
2021-08-08 19:00:00,0,0.011930606430606432
2021-08-08 20:00:00,0,0.014204332704332705
2021-08-08 21:00:00,0,0.0
2021-08-08 22:00:00,0,0.016734025234025233
2021-08-08 23:00:00,0,0.012281255781255784
2021-08-09 00:00:00,0,0.0
2021-08-09 01:00:00,0,0.0
2021-08-09 02:00:00,0,0.008126984126984127
2021-08-09 03:00:00,0,0.00831096681096681
2021-08-09 04:00:00,0,0.013392163392163392
2021-08-09 05:00:00,0,0.0006666666666666668
2021-08-09 06:00:00,0,0.008126984126984127
2021-08-09 07:00:00,0,0.009033189033189034
2021-08-09 08:00:00,1,0.4974948974027918
2021-08-09 09:00:00,1,0.8298404743404739
2021-08-09 10:00:00,1,0.7039257871757871
2021-08-09 11:00:00,1,0.6291199726199728
2021-08-09 12:00:00,0,0.14358022717736343
2021-08-09 13:00:00,1,0.5248881820793585
2021-08-09 14:00:00,1,0.7286435895975371
2021-08-09 15:00:00,1,0.5633570275756807
2021-08-09 16:00:00,1,0.4859328566313858
2021-08-09 17:00:00,0,0.38977240896358556
2021-08-09 18:00:00,0,0.33376832045949706
2021-08-09 19:00:00,0,0.13935586526762997
2021-08-09 20:00:00,0,0.007747474747474748
2021-08-09 21:00:00,0,0.0
2021-08-09 22:00:00,0,0.003477633477633478
2021-08-09 23:00:00,0,0.0006666666666666668
2021-08-10 00:00:00,0,0.0026111111111111114
2021-08-10 01:00:00,0,0.002525252525252525
2021-08-10 02:00:00,0,0.008289141414141414
2021-08-10 03:00:00,0,0.001142857142857143
2021-08-10 04:00:00,0,0.005012626262626262
2021-08-10 05:00:00,0,0.004580808080808081
2021-08-10 06:00:00,0,0.0017582417582417582
2021-08-10 07:00:00,0,0.02361244311244311
2021-08-10 08:00:00,1,0.529986298703017
2021-08-10 09:00:00,1,0.8908020641639058
2021-08-10 10:00:00,1,0.8128111030552979
2021-08-10 11:00:00,1,0.7919270149212096
2021-08-10 12:00:00,0,0.1326070998145302
2021-08-10 13:00:00,1,0.506913267288267
2021-08-10 14:00:00,1,0.755150105828124
2021-08-10 15:00:00,1,0.3691801178124709
2021-08-10 16:00:00,1,0.40617902576726106
2021-08-10 17:00:00,0,0.1957376626641333
2021-08-10 18:00:00,0,0.13588310191986663
2021-08-10 19:00:00,0,0.10607152324799382
2021-08-10 20:00:00,0,0.00410894660894661
2021-08-10 21:00:00,0,0.0026851851851851854
2021-08-10 22:00:00,0,0.002444444444444445
2021-08-10 23:00:00,0,0.0031919191919191916
2021-08-11 00:00:00,0,0.003914141414141414
2021-08-11 01:00:00,0,0.0006666666666666668
2021-08-11 02:00:00,0,0.003305555555555556
2021-08-11 03:00:00,0,0.0006666666666666668
2021-08-11 04:00:00,0,0.0
2021-08-11 05:00:00,0,0.0006666666666666668
2021-08-11 06:00:00,0,0.006121212121212121
2021-08-11 07:00:00,0,0.08444472194472194
2021-08-11 08:00:00,1,0.5724276767693953
2021-08-11 09:00:00,1,0.9124085957042614
2021-08-11 10:00:00,1,0.7058719529381294
2021-08-11 11:00:00,1,0.7933923774453959
2021-08-11 12:00:00,0,0.14154738964452593
2021-08-11 13:00:00,1,0.5670611145390554
2021-08-11 14:00:00,1,0.7712934742272977
2021-08-11 15:00:00,0,0.6468129104011455
2021-08-11 16:00:00,1,0.48085187280040204
2021-08-11 17:00:00,0,0.4722948611845671
2021-08-11 18:00:00,1,0.3214629066467302
2021-08-11 19:00:00,0,0.3790615598997952
2021-08-11 20:00:00,0,0.12045831264252314
2021-08-11 21:00:00,0,0.09868830243830243
2021-08-11 22:00:00,0,0.0005555555555555556
2021-08-11 23:00:00,0,0.0
2021-08-12 00:00:00,0,0.0
2021-08-12 01:00:00,0,0.0005555555555555556
2021-08-12 02:00:00,0,0.0043749999999999995
2021-08-12 03:00:00,0,0.0
2021-08-12 04:00:00,0,0.0
2021-08-12 05:00:00,0,0.0
2021-08-12 06:00:00,0,0.0011111111111111111
2021-08-12 07:00:00,0,0.005840569561157796
2021-08-12 08:00:00,1,0.6578013123930305
2021-08-12 09:00:00,1,0.8953697086653742
2021-08-12 10:00:00,1,0.5761167247212137
2021-08-12 11:00:00,1,0.7453029529809716
2021-08-12 12:00:00,0,0.12204034113747733
2021-08-12 13:00:00,1,0.5467310788340198
2021-08-12 14:00:00,1,0.6453453996410652
2021-08-12 15:00:00,1,0.6523606809856809
2021-08-12 16:00:00,0,0.568278689190067
2021-08-12 17:00:00,0,0.23206928120898704
2021-08-12 18:00:00,0,0.369776936026936
2021-08-12 19:00:00,1,0.19099341018458665
2021-08-12 20:00:00,0,0.07097267547267547
2021-08-12 21:00:00,0,0.09417936230436229
2021-08-12 22:00:00,0,0.018474497724497725
2021-08-12 23:00:00,0,0.0
2021-08-13 00:00:00,0,0.0
2021-08-13 01:00:00,0,0.0
2021-08-13 02:00:00,0,0.0006944444444444444
2021-08-13 03:00:00,0,0.0
2021-08-13 04:00:00,0,0.0
2021-08-13 05:00:00,0,0.0
2021-08-13 06:00:00,0,0.0002380952380952381
2021-08-13 07:00:00,0,0.06210693935693936
2021-08-13 08:00:00,1,0.591397083996155
2021-08-13 09:00:00,1,0.8632528902985558
2021-08-13 10:00:00,1,0.8044263989794174
2021-08-13 11:00:00,1,0.8105254665784852
2021-08-13 12:00:00,0,0.13308627668341289
2021-08-13 13:00:00,1,0.5728446966976377
2021-08-13 14:00:00,1,0.8291806662263315
2021-08-13 15:00:00,1,0.7502794095882329
2021-08-13 16:00:00,1,0.5539110149110151
2021-08-13 17:00:00,0,0.4261307314689668
2021-08-13 18:00:00,0,0.4165737753531872
2021-08-13 19:00:00,0,0.3363868092691622
2021-08-13 20:00:00,0,0.022326469826469828
2021-08-13 21:00:00,0,0.028799182299182297
2021-08-13 22:00:00,0,0.0
2021-08-13 23:00:00,0,0.0022222222222222222
2021-08-14 00:00:00,0,0.002285714285714286
2021-08-14 01:00:00,0,0.0
2021-08-14 02:00:00,0,0.009896164021164021
2021-08-14 03:00:00,0,0.00030303030303030303
2021-08-14 04:00:00,0,0.0004761904761904762
2021-08-14 05:00:00,0,0.0004166666666666667
2021-08-14 06:00:00,0,0.0014484126984126984
2021-08-14 07:00:00,0,0.0004166666666666667
2021-08-14 08:00:00,0,0.1313596953155777
2021-08-14 09:00:00,0,0.01586198523698524
2021-08-14 10:00:00,0,0.03864405039405039
2021-08-14 11:00:00,0,0.03970706145706146
2021-08-14 12:00:00,0,0.0034841269841269845
2021-08-14 13:00:00,0,0.0271973581973582
2021-08-14 14:00:00,0,0.03791076516076516
2021-08-14 15:00:00,0,0.020186748436748437
2021-08-14 16:00:00,0,0.002936507936507936
2021-08-14 17:00:00,0,0.0023618233618233615
2021-08-14 18:00:00,0,0.0005128205128205128
2021-08-14 19:00:00,0,0.0008888888888888888
2021-08-14 20:00:00,0,0.0
2021-08-14 21:00:00,0,0.0
2021-08-14 22:00:00,0,0.0
2021-08-14 23:00:00,0,0.0
2021-08-15 00:00:00,0,0.0
2021-08-15 01:00:00,0,0.0
2021-08-15 02:00:00,0,0.0
2021-08-15 03:00:00,0,0.0
2021-08-15 04:00:00,0,0.0
2021-08-15 05:00:00,0,0.0004166666666666667
2021-08-15 06:00:00,0,0.0004166666666666667
2021-08-15 07:00:00,0,0.0
2021-08-15 08:00:00,0,0.011423557923557924
2021-08-15 09:00:00,0,0.00018518518518518518
2021-08-15 10:00:00,0,0.0025370370370370373
2021-08-15 11:00:00,0,0.011688108188108186
2021-08-15 12:00:00,0,0.0
2021-08-15 13:00:00,0,0.002817460317460317
2021-08-15 14:00:00,0,0.0019814814814814816
2021-08-15 15:00:00,0,0.0023677248677248675
2021-08-15 16:00:00,0,0.0019047619047619048
2021-08-15 17:00:00,0,0.0
2021-08-15 18:00:00,0,0.0009523809523809524
2021-08-15 19:00:00,0,0.0
2021-08-15 20:00:00,0,0.0
2021-08-15 21:00:00,0,0.0
2021-08-15 22:00:00,0,0.0
2021-08-15 23:00:00,0,0.0
2021-08-16 00:00:00,0,0.0
2021-08-16 01:00:00,0,0.0
2021-08-16 02:00:00,0,0.0
2021-08-16 03:00:00,0,0.0
2021-08-16 04:00:00,0,0.0
2021-08-16 05:00:00,0,0.0
2021-08-16 06:00:00,0,0.0
2021-08-16 07:00:00,0,0.0
2021-08-16 08:00:00,1,0.7305136648553833
2021-08-16 09:00:00,1,0.568541326664392
2021-08-16 10:00:00,0,0.644222255112735
2021-08-16 11:00:00,0,0.5169468801608893
2021-08-16 12:00:00,0,0.07209859584859583
2021-08-16 13:00:00,0,0.36660364231633913
2021-08-16 14:00:00,0,0.23402476037034864
2021-08-16 15:00:00,0,0.17438103508691744
2021-08-16 16:00:00,0,0.19038806237335654
2021-08-16 17:00:00,0,0.06346507196507196
2021-08-16 18:00:00,0,0.002544566544566545
2021-08-16 19:00:00,0,0.0036729797979797984
2021-08-16 20:00:00,0,0.0027638888888888886
2021-08-16 21:00:00,0,0.0022083333333333334
2021-08-16 22:00:00,0,0.0003333333333333334
2021-08-16 23:00:00,0,0.003260281385281385
2021-08-17 00:00:00,0,0.0
2021-08-17 01:00:00,0,0.0
2021-08-17 02:00:00,0,0.0
2021-08-17 03:00:00,0,0.0
2021-08-17 04:00:00,0,0.0
2021-08-17 05:00:00,0,0.0
2021-08-17 06:00:00,0,0.0
2021-08-17 07:00:00,0,0.0
2021-08-17 08:00:00,0,0.5383232728600378
2021-08-17 09:00:00,0,0.34200647500647513
2021-08-17 10:00:00,0,0.2432804417804417
2021-08-17 11:00:00,0,0.17675898583986818
2021-08-17 12:00:00,0,0.04413191438191439
2021-08-17 13:00:00,0,0.3372662387778489
2021-08-17 14:00:00,0,0.10557363932363928
2021-08-17 15:00:00,0,0.0675677933177933
2021-08-17 16:00:00,0,0.07014633514633514
2021-08-17 17:00:00,0,0.0002222222222222222
2021-08-17 18:00:00,0,0.050430351081666866
2021-08-17 19:00:00,0,0.013945082695082697
2021-08-17 20:00:00,0,0.0017777777777777776
2021-08-17 21:00:00,0,0.0
2021-08-17 22:00:00,0,0.0
2021-08-17 23:00:00,0,0.0
2021-08-18 00:00:00,0,0.0
2021-08-18 01:00:00,0,0.0
2021-08-18 02:00:00,0,0.0009523809523809524
2021-08-18 03:00:00,0,0.0
2021-08-18 04:00:00,0,0.0
2021-08-18 05:00:00,0,0.0016666666666666668
2021-08-18 06:00:00,0,0.0
2021-08-18 07:00:00,0,0.005666666666666666
2021-08-18 08:00:00,0,0.41479198838370673
2021-08-18 09:00:00,0,0.26663286998232805
2021-08-18 10:00:00,0,0.2864215985539515
2021-08-18 11:00:00,1,0.20637092972387086
2021-08-18 12:00:00,0,0.05944818471289059
2021-08-18 13:00:00,0,0.50259064098383
2021-08-18 14:00:00,1,0.2712405048655047
2021-08-18 15:00:00,1,0.4082409598199074
2021-08-18 16:00:00,1,0.3682635525952089
2021-08-18 17:00:00,1,0.2549010629606607
2021-08-18 18:00:00,0,0.3710373365454634
2021-08-18 19:00:00,0,0.16674370151692136
2021-08-18 20:00:00,0,0.012955794205794206
2021-08-18 21:00:00,0,0.0
2021-08-18 22:00:00,0,0.000909090909090909
2021-08-18 23:00:00,0,0.0
2021-08-19 00:00:00,0,0.0
2021-08-19 01:00:00,0,0.0
2021-08-19 02:00:00,0,0.01237914862914863
2021-08-19 03:00:00,0,0.0
2021-08-19 04:00:00,0,0.0
2021-08-19 05:00:00,0,0.0
2021-08-19 06:00:00,0,0.0
2021-08-19 07:00:00,0,0.0016666666666666668
2021-08-19 08:00:00,1,0.37078494490259206
2021-08-19 09:00:00,1,0.48873937791081745
2021-08-19 10:00:00,0,0.6146697234940274
2021-08-19 11:00:00,1,0.4939837264845003
2021-08-19 12:00:00,0,0.05051094276094276
2021-08-19 13:00:00,0,0.5551501695472285
2021-08-19 14:00:00,1,0.37843576331076334
2021-08-19 15:00:00,1,0.4550641608391611
2021-08-19 16:00:00,0,0.42077363673764606
2021-08-19 17:00:00,0,0.21770706931813752
2021-08-19 18:00:00,0,0.09695852198483776
2021-08-19 19:00:00,0,0.054346222949164136
2021-08-19 20:00:00,0,0.004323232323232323
2021-08-19 21:00:00,0,0.0011111111111111111
2021-08-19 22:00:00,0,0.0
2021-08-19 23:00:00,0,0.0
2021-08-20 00:00:00,0,0.0
2021-08-20 01:00:00,0,0.0
2021-08-20 02:00:00,0,0.0
2021-08-20 03:00:00,0,0.0
2021-08-20 04:00:00,0,0.0
2021-08-20 05:00:00,0,0.0
2021-08-20 06:00:00,0,0.0004761904761904762
2021-08-20 07:00:00,0,0.03687511100011098
2021-08-20 08:00:00,1,0.46528355836057084
2021-08-20 09:00:00,0,0.4669433858625036
2021-08-20 10:00:00,0,0.3716521950271949
2021-08-20 11:00:00,1,0.2848230597088955
2021-08-20 12:00:00,0,0.118549247049247
2021-08-20 13:00:00,1,0.6104775540363777
2021-08-20 14:00:00,1,0.5946730883495586
2021-08-20 15:00:00,0,0.5469073652382477
2021-08-20 16:00:00,0,0.37636742339760915
2021-08-20 17:00:00,0,0.2629532482767778
2021-08-20 18:00:00,0,0.14168698088976728
2021-08-20 19:00:00,0,0.028956650103708927
2021-08-20 20:00:00,0,0.010488962018373783
2021-08-20 21:00:00,0,0.0
2021-08-20 22:00:00,0,0.000909090909090909
2021-08-20 23:00:00,0,0.000909090909090909
2021-08-21 00:00:00,0,0.0
2021-08-21 01:00:00,0,0.0014285714285714286
2021-08-21 02:00:00,0,0.0009523809523809524
2021-08-21 03:00:00,0,0.0
2021-08-21 04:00:00,0,0.0020833333333333333
2021-08-21 05:00:00,0,0.0
2021-08-21 06:00:00,0,0.0
2021-08-21 07:00:00,0,0.0016666666666666668
2021-08-21 08:00:00,0,0.029992996654761364
2021-08-21 09:00:00,0,0.010206349206349205
2021-08-21 10:00:00,0,0.0019047619047619048
2021-08-21 11:00:00,0,0.02074140211640212
2021-08-21 12:00:00,0,0.0
2021-08-21 13:00:00,0,0.004361823361823361
2021-08-21 14:00:00,0,0.0018055555555555555
2021-08-21 15:00:00,0,0.0006666666666666668
2021-08-21 16:00:00,0,0.000989010989010989
2021-08-21 17:00:00,0,0.0
2021-08-21 18:00:00,0,0.0
2021-08-21 19:00:00,0,0.0
2021-08-21 20:00:00,0,0.0
2021-08-21 21:00:00,0,0.0
2021-08-21 22:00:00,0,0.0
2021-08-21 23:00:00,0,0.0
2021-08-22 00:00:00,0,0.0
2021-08-22 01:00:00,0,0.0
2021-08-22 02:00:00,0,0.0
2021-08-22 03:00:00,0,0.0
2021-08-22 04:00:00,0,0.0
2021-08-22 05:00:00,0,0.0
2021-08-22 06:00:00,0,0.0
2021-08-22 07:00:00,0,0.0
2021-08-22 08:00:00,0,0.001369047619047619
2021-08-22 09:00:00,0,0.0
2021-08-22 10:00:00,0,0.0004166666666666667
2021-08-22 11:00:00,0,0.0005555555555555556
2021-08-22 12:00:00,0,0.0004166666666666667
2021-08-22 13:00:00,0,0.0004166666666666667
2021-08-22 14:00:00,0,0.0004761904761904762
2021-08-22 15:00:00,0,0.0004761904761904762
2021-08-22 16:00:00,0,0.0018452380952380953
2021-08-22 17:00:00,0,0.005472499722499723
2021-08-22 18:00:00,0,0.0010659340659340659
2021-08-22 19:00:00,0,0.0004166666666666667
2021-08-22 20:00:00,0,0.0004166666666666667
2021-08-22 21:00:00,0,0.0
2021-08-22 22:00:00,0,0.0
2021-08-22 23:00:00,0,0.0
2021-08-23 00:00:00,0,0.0
2021-08-23 01:00:00,0,0.0
2021-08-23 02:00:00,0,0.0
2021-08-23 03:00:00,0,0.0
2021-08-23 04:00:00,0,0.0
2021-08-23 05:00:00,0,0.0
2021-08-23 06:00:00,0,0.0
2021-08-23 07:00:00,0,0.0
2021-08-23 08:00:00,1,0.8222621622729983
2021-08-23 09:00:00,1,0.4155093442132917
2021-08-23 10:00:00,1,0.5941910382645678
2021-08-23 11:00:00,1,0.5345455470455467
2021-08-23 12:00:00,0,0.1023856064959006
2021-08-23 13:00:00,1,0.5675244689950574
2021-08-23 14:00:00,1,0.6887865715439248
2021-08-23 15:00:00,1,0.6779138799653512
2021-08-23 16:00:00,0,0.5333842549063137
2021-08-23 17:00:00,0,0.36922099714011497
2021-08-23 18:00:00,1,0.2854767030355266
2021-08-23 19:00:00,0,0.07599842586607287
2021-08-23 20:00:00,0,0.03212893587893589
2021-08-23 21:00:00,0,0.0027222222222222222
2021-08-23 22:00:00,0,0.0
2021-08-23 23:00:00,0,0.0
2021-08-24 00:00:00,0,0.0
2021-08-24 01:00:00,0,0.0
2021-08-24 02:00:00,0,0.0
2021-08-24 03:00:00,0,0.0
2021-08-24 04:00:00,0,0.0
2021-08-24 05:00:00,0,0.0
2021-08-24 06:00:00,0,0.0
2021-08-24 07:00:00,0,0.0
2021-08-24 08:00:00,1,0.5796780515952343
2021-08-24 09:00:00,1,0.9662351384998445
2021-08-24 10:00:00,1,0.7855974828548362
2021-08-24 11:00:00,1,0.7948730300200889
2021-08-24 12:00:00,0,0.044973674473674466
2021-08-24 13:00:00,1,0.5910090853562213
2021-08-24 14:00:00,1,0.6365733699851344
2021-08-24 15:00:00,1,0.7784395987998932
2021-08-24 16:00:00,1,0.6621657120113
2021-08-24 17:00:00,0,0.33787179895268127
2021-08-24 18:00:00,0,0.37976047019429376
2021-08-24 19:00:00,0,0.079782005032005
2021-08-24 20:00:00,0,0.0020634920634920637
2021-08-24 21:00:00,0,0.0009523809523809524
2021-08-24 22:00:00,0,0.0009523809523809524
2021-08-24 23:00:00,0,0.0009523809523809524
2021-08-25 00:00:00,0,0.0
2021-08-25 01:00:00,0,0.0
2021-08-25 02:00:00,0,0.0
2021-08-25 03:00:00,0,0.0
2021-08-25 04:00:00,0,0.0
2021-08-25 05:00:00,0,0.0
2021-08-25 06:00:00,0,0.0
2021-08-25 07:00:00,0,0.0
2021-08-25 08:00:00,1,0.7323227250332512
2021-08-25 09:00:00,1,0.6497894246276597
2021-08-25 10:00:00,1,0.6558093994785174
2021-08-25 11:00:00,1,0.9007774706774707
2021-08-25 12:00:00,0,0.052810726310726315
2021-08-25 13:00:00,1,0.5852346205136453
2021-08-25 14:00:00,1,0.6201024607745196
2021-08-25 15:00:00,1,0.5880973262032084
2021-08-25 16:00:00,0,0.4654240859902626
2021-08-25 17:00:00,0,0.27152938401467824
2021-08-25 18:00:00,0,0.2959088272838273
2021-08-25 19:00:00,0,0.058125272875272874
2021-08-25 20:00:00,0,0.0
2021-08-25 21:00:00,0,0.0010317460317460319
2021-08-25 22:00:00,0,0.0
2021-08-25 23:00:00,0,0.0
2021-08-26 00:00:00,0,0.0
2021-08-26 01:00:00,0,0.0
2021-08-26 02:00:00,0,0.0
2021-08-26 03:00:00,0,0.0
2021-08-26 04:00:00,0,0.0
2021-08-26 05:00:00,0,0.0
2021-08-26 06:00:00,0,0.0
2021-08-26 07:00:00,0,0.003444444444444444
2021-08-26 08:00:00,1,0.5495574093662332
2021-08-26 09:00:00,1,0.9258227605727605
2021-08-26 10:00:00,1,0.9402850575350576
2021-08-26 11:00:00,1,0.9427355792355792
2021-08-26 12:00:00,0,0.03922957135457135
2021-08-26 13:00:00,1,0.7591547572797573
2021-08-26 14:00:00,1,0.9425898962148961
2021-08-26 15:00:00,1,0.9332395937395936
2021-08-26 16:00:00,1,0.6665343597034774
2021-08-26 17:00:00,0,0.3390673003467121
2021-08-26 18:00:00,0,0.28596368691221624
2021-08-26 19:00:00,0,0.17186671552848026
2021-08-26 20:00:00,0,0.032643032893032886
2021-08-26 21:00:00,0,0.011164742664742664
2021-08-26 22:00:00,0,0.0008333333333333334
2021-08-26 23:00:00,0,0.0008333333333333334
2021-08-27 00:00:00,0,0.0008333333333333334
2021-08-27 01:00:00,0,0.0008333333333333334
2021-08-27 02:00:00,0,0.0008333333333333334
2021-08-27 03:00:00,0,0.0008333333333333334
2021-08-27 04:00:00,0,0.0008333333333333334
2021-08-27 05:00:00,0,0.0008333333333333334
2021-08-27 06:00:00,0,0.0023148148148148147
2021-08-27 07:00:00,0,0.03244684944684944
2021-08-27 08:00:00,1,0.7382701295952071
2021-08-27 09:00:00,1,0.8673581404978464
2021-08-27 10:00:00,0,0.6184981633290455
2021-08-27 11:00:00,1,0.7272957970678557
2021-08-27 12:00:00,0,0.04523595848595849
2021-08-27 13:00:00,1,0.6143858583653475
2021-08-27 14:00:00,0,0.5568421376926018
2021-08-27 15:00:00,0,0.4187412048019633
2021-08-27 16:00:00,0,0.2832207005957006
2021-08-27 17:00:00,0,0.1410797165797166
2021-08-27 18:00:00,0,0.13188751771104715
2021-08-27 19:00:00,0,0.04371247271247271
2021-08-27 20:00:00,0,0.0011111111111111111
2021-08-27 21:00:00,0,0.0
2021-08-27 22:00:00,0,0.0
2021-08-27 23:00:00,0,0.0
2021-08-28 00:00:00,0,0.0
2021-08-28 01:00:00,0,0.0
2021-08-28 02:00:00,0,0.0
2021-08-28 03:00:00,0,0.0
2021-08-28 04:00:00,0,0.0
2021-08-28 05:00:00,0,0.0
2021-08-28 06:00:00,0,0.0
2021-08-28 07:00:00,0,0.0
2021-08-28 08:00:00,0,0.08605799701387935
2021-08-28 09:00:00,0,0.011753663003663003
2021-08-28 10:00:00,0,0.005591704591704592
2021-08-28 11:00:00,0,0.002535014005602241
2021-08-28 12:00:00,0,0.001388888888888889
2021-08-28 13:00:00,0,0.00978197728197728
2021-08-28 14:00:00,0,0.006367243867243868
2021-08-28 15:00:00,0,0.006595238095238094
2021-08-28 16:00:00,0,0.004647667147667148
2021-08-28 17:00:00,0,0.00457936507936508
2021-08-28 18:00:00,0,0.0
2021-08-28 19:00:00,0,0.003703703703703704
2021-08-28 20:00:00,0,0.0
2021-08-28 21:00:00,0,0.0
2021-08-28 22:00:00,0,0.0
2021-08-28 23:00:00,0,0.0
2021-08-29 00:00:00,0,0.0
2021-08-29 01:00:00,0,0.0
2021-08-29 02:00:00,0,0.0
2021-08-29 03:00:00,0,0.0
2021-08-29 04:00:00,0,0.0
2021-08-29 05:00:00,0,0.0
2021-08-29 06:00:00,0,0.0
2021-08-29 07:00:00,0,0.0
2021-08-29 08:00:00,0,0.0023214285714285715
2021-08-29 09:00:00,0,0.0026547619047619046
2021-08-29 10:00:00,0,0.0004166666666666667
2021-08-29 11:00:00,0,0.0025066137566137564
2021-08-29 12:00:00,0,0.01410185185185185
2021-08-29 13:00:00,0,0.0004166666666666667
2021-08-29 14:00:00,0,0.0004166666666666667
2021-08-29 15:00:00,0,0.0004166666666666667
2021-08-29 16:00:00,0,0.00075
2021-08-29 17:00:00,0,0.0004166666666666667
2021-08-29 18:00:00,0,0.0
2021-08-29 19:00:00,0,0.0004166666666666667
2021-08-29 20:00:00,0,0.0004166666666666667
2021-08-29 21:00:00,0,0.0004166666666666667
2021-08-29 22:00:00,0,0.0004166666666666667
2021-08-29 23:00:00,0,0.0004166666666666667
2021-08-30 00:00:00,0,0.0004166666666666667
2021-08-30 01:00:00,0,0.0
2021-08-30 02:00:00,0,0.0
2021-08-30 03:00:00,0,0.0
2021-08-30 04:00:00,0,0.0
2021-08-30 05:00:00,0,0.0
2021-08-30 06:00:00,0,0.0
2021-08-30 07:00:00,0,0.0
2021-08-30 08:00:00,1,0.5062504905225488
2021-08-30 09:00:00,1,0.523265000593948
2021-08-30 10:00:00,1,0.4838463290522115
2021-08-30 11:00:00,1,0.6109395035792095
2021-08-30 12:00:00,0,0.08433656158656158
2021-08-30 13:00:00,0,0.6379294316221558
2021-08-30 14:00:00,0,0.4577162323515265
2021-08-30 15:00:00,0,0.3911187937879113
2021-08-30 16:00:00,0,0.18703019774343302
2021-08-30 17:00:00,0,0.1594031662781663
2021-08-30 18:00:00,0,0.09008720158410558
2021-08-30 19:00:00,0,0.033879749879749885
2021-08-30 20:00:00,0,0.002257936507936508
2021-08-30 21:00:00,0,0.0
2021-08-30 22:00:00,0,0.0
2021-08-30 23:00:00,0,0.0013333333333333335
2021-08-31 00:00:00,0,0.0
2021-08-31 01:00:00,0,0.0
2021-08-31 02:00:00,0,0.00037037037037037035
2021-08-31 03:00:00,0,0.0006666666666666668
2021-08-31 04:00:00,0,0.0
2021-08-31 05:00:00,0,0.0
2021-08-31 06:00:00,0,0.002333333333333333
2021-08-31 07:00:00,0,0.0004166666666666667
2021-08-31 08:00:00,0,0.5186702474375108
2021-08-31 09:00:00,1,0.2882777519321637
2021-08-31 10:00:00,1,0.5115831622081621
2021-08-31 11:00:00,1,0.7047251433751437
2021-08-31 12:00:00,0,0.07474158793276436
2021-08-31 13:00:00,1,0.5295205089028617
2021-08-31 14:00:00,1,0.5423186006431361
2021-08-31 15:00:00,0,0.6360049210593327
2021-08-31 16:00:00,1,0.3062348607275077
2021-08-31 17:00:00,0,0.06979078410696057
2021-08-31 18:00:00,0,0.0906119251119251
2021-08-31 19:00:00,0,0.039117058867058865
2021-08-31 20:00:00,0,0.0005555555555555556
2021-08-31 21:00:00,0,0.002444444444444445
2021-08-31 22:00:00,0,0.0031515151515151517
2021-08-31 23:00:00,0,0.0
