,importance
q60_lag1,0.08679547161571345
same_hour_2w_max,0.07905829003470535
lag_1,0.07594867657404934
avg_lag1,0.05429188976280059
q45_lag1,0.04980638105019486
lag_168,0.047281867392767525
lag_2,0.04698232228232173
lag_336,0.04416538287726949
same_hour_2w_mean,0.04139005789912646
lag_24,0.03367260960550417
diff_1,0.03357424475087506
q30_lag1,0.03164421549943168
roll_max_24,0.028285867712373194
intra_hour_slope,0.027986555847351536
roll_mean_3,0.02667251362611054
max_since_midnight,0.026004595549643097
hour_cos,0.025743101547219968
last_op_day_same_hour,0.022607551082192912
lag_3,0.021569816677349696
roll_mean_24,0.020287807640828548
hour_sin,0.018226886045734594
hour,0.017867182627963704
lag_167,0.014800205425398612
q15_lag1,0.013811488784047822
roll_std_24,0.013594976495442114
lag_169,0.013140918805686911
lag_48,0.012489018534553292
lag_6,0.012406257107237731
lag_12,0.010880037669120437
temperature,0.009212057257970009
prev_day_max,0.008025784524264749
workers,0.006475088774538974
production,0.005760224443119585
humidity,0.005453774097025341
wind_speed,0.004138386912737286
elec_price,0.002185649738541168
dow_sin,0.0018764303797228822
day_of_week,0.0018311907704631624
dow_cos,0.0014116248893699954
precipitation,0.0011580903562671318
labor_cost,0.0011063928113928224
prev_day_off,0.0003791145215725728
