depth,learning_rate,l2_leaf_reg,auto_class_weights,cv_PR-AUC,cv_ROC-AUC,cv_F1,cv_threshold,fold_PR-AUC,best_iter
4,0.03,3,None,0.9055691327448367,0.9769075121797894,0.8168498168498168,0.3,0.9038 / 0.9154,173
4,0.03,10,None,0.9049673538922957,0.9768813190842893,0.8272058823529411,0.3,0.9053 / 0.9136,182
6,0.03,3,None,0.8983526290288557,0.9743471370946618,0.82,0.45,0.9002 / 0.9064,166
4,0.1,3,None,0.8974256167361766,0.9757124521976006,0.8181818181818182,0.35,0.8881 / 0.9213,46
6,0.1,10,None,0.8961886224310776,0.9743274922730368,0.8085106382978723,0.35,0.8917 / 0.9148,55
6,0.03,10,None,0.8958621064641088,0.9750608989470376,0.8125,0.5,0.8958 / 0.9029,195
4,0.1,10,None,0.8951915579320696,0.9749463041542249,0.8207024029574861,0.3,0.8859 / 0.9194,62
6,0.1,10,Balanced,0.8892067639442713,0.9749070145109748,0.8226415094339623,0.75,0.8664 / 0.9222,50
6,0.1,3,None,0.8864643708388354,0.9737741631305987,0.8146788990825689,0.3,0.8980 / 0.8706,30
6,0.03,3,Balanced,0.8798001928961272,0.9745435853109121,0.8230912476722533,0.65,0.8878 / 0.9217,115
4,0.1,10,Balanced,0.8780451749163972,0.9727919220493477,0.8233082706766918,0.75,0.8604 / 0.9094,85
6,0.1,3,Balanced,0.8764692293230426,0.9716525223950966,0.8052434456928839,0.7,0.8617 / 0.8993,60
6,0.03,10,Balanced,0.8757141192936722,0.9747138404316622,0.8181818181818182,0.7,0.8795 / 0.9231,125
4,0.1,3,Balanced,0.8728797599319302,0.9719259128293782,0.8114901256732495,0.65,0.8710 / 0.9130,56
4,0.03,10,Balanced,0.8509563024125357,0.9709616795012834,0.8221797323135756,0.7,0.8935 / 0.9193,224
4,0.03,3,Balanced,0.8299051776174169,0.9663124050500287,0.8007312614259597,0.6,0.8897 / 0.9194,148
