,mean_abs_shap
hour,0.741743920226668
same_hour_2w_max,0.42994078468035213
q60_lag1,0.2909986551386082
max_since_midnight,0.23267669787940043
roll_max_24,0.1771128234901515
lag_2,0.1688811033244991
lag_168,0.16259899421190405
intra_hour_slope,0.14423157254041083
avg_lag1,0.13523471458996572
lag_1,0.13184442855842296
q45_lag1,0.12573273894460932
roll_mean_3,0.11789707208877671
lag_24,0.08952422438435526
lag_336,0.08882608231160395
diff_1,0.084492121540202
lag_3,0.0641962627323577
last_op_day_same_hour,0.06363530354932187
labor_cost,0.04405998063525499
lag_12,0.04149540807485284
q15_lag1,0.03314718954080195
roll_mean_24,0.03198197728397377
q30_lag1,0.03142669528434505
same_hour_2w_mean,0.027236123924475414
lag_48,0.026898143275478893
lag_169,0.02676072746981117
temperature,0.02407244278934919
roll_std_24,0.02039763477518941
lag_167,0.01372189558207642
lag_6,0.012828242892366793
humidity,0.00972193787796165
production,0.009496191550525288
workers,0.008777144369743538
elec_price,0.00844470080974053
prev_day_max,0.008319173112856402
prev_day_off,0.007422601553382863
day_of_week,0.002825153541657281
wind_speed,0.002202816233443785
precipitation,6.54440848112293e-05
