encoding,model,seed,n_features,cv_PR-AUC,cv_F1,threshold,test_F1,test_PR-AUC,test_Precision,test_Recall
int,random_forest,42,38,0.884746856815547,0.8153846153846154,0.5,0.6964285714285714,0.7666005208103339,0.6,0.8297872340425532
int,random_forest,7,38,0.8812291491637062,0.8208092485549133,0.5,0.7027027027027027,0.757242822110634,0.609375,0.8297872340425532
int,random_forest,123,38,0.8788195579493767,0.8096192384769539,0.55,0.7090909090909091,0.7719626530824759,0.6190476190476191,0.8297872340425532
int,xgboost,42,38,0.8929155450217419,0.8127490039840638,0.4,0.6666666666666666,0.7198661297250853,0.603448275862069,0.7446808510638298
int,xgboost,7,38,0.8908639237999734,0.8102766798418972,0.4,0.6730769230769231,0.7320756714669724,0.6140350877192983,0.7446808510638298
int,xgboost,123,38,0.8865258071858895,0.8092485549132948,0.35,0.6785714285714286,0.7091572490980862,0.5846153846153846,0.8085106382978723
onehot,random_forest,42,67,0.8774454251220425,0.8127340823970037,0.5,0.7192982456140351,0.7620339657775521,0.6119402985074627,0.8723404255319149
onehot,random_forest,7,67,0.8767551884346352,0.8021201413427562,0.45,0.711864406779661,0.7668517144640856,0.5915492957746479,0.8936170212765957
onehot,random_forest,123,67,0.8818298918723635,0.8044692737430168,0.5,0.7079646017699115,0.7650143513173425,0.6060606060606061,0.851063829787234
onehot,xgboost,42,67,0.8818860915401863,0.8102189781021898,0.3,0.6782608695652174,0.7275804890344874,0.5735294117647058,0.8297872340425532
onehot,xgboost,7,67,0.8708036759168005,0.799249530956848,0.35,0.6727272727272727,0.7135803288174756,0.5873015873015873,0.7872340425531915
onehot,xgboost,123,67,0.8766201558768382,0.8142589118198874,0.35,0.6846846846846847,0.7038245893610281,0.59375,0.8085106382978723
cyclic,random_forest,42,40,0.884548826872161,0.8138195777351248,0.5,0.6902654867256637,0.7604789340034773,0.5909090909090909,0.8297872340425532
cyclic,random_forest,7,40,0.8897942896251453,0.8169556840077071,0.5,0.7027027027027027,0.7747119364877019,0.609375,0.8297872340425532
cyclic,random_forest,123,40,0.8829568789294981,0.8122605363984674,0.5,0.7079646017699115,0.7682213512517471,0.6060606060606061,0.851063829787234
cyclic,xgboost,42,40,0.8983828474558458,0.8233082706766918,0.3,0.7192982456140351,0.7243138760187686,0.6119402985074627,0.8723404255319149
cyclic,xgboost,7,40,0.8897465487267189,0.8157894736842105,0.3,0.7192982456140351,0.7119835510149052,0.6119402985074627,0.8723404255319149
cyclic,xgboost,123,40,0.8911892984898082,0.8156424581005587,0.3,0.6956521739130435,0.7119117317836943,0.5882352941176471,0.851063829787234
int+cyclic,random_forest,42,42,0.8905723405801045,0.8099173553719008,0.55,0.7102803738317757,0.7744072481286781,0.6333333333333333,0.8085106382978723
int+cyclic,random_forest,7,42,0.8881321813935834,0.8044280442804428,0.45,0.7350427350427351,0.7785492504195387,0.6142857142857143,0.9148936170212766
int+cyclic,random_forest,123,42,0.8892715493637738,0.8054474708171206,0.5,0.7207207207207207,0.7774549851080498,0.625,0.851063829787234
int+cyclic,xgboost,42,42,0.8948242842092455,0.8180112570356473,0.3,0.7130434782608696,0.7215713413647467,0.6029411764705882,0.8723404255319149
int+cyclic,xgboost,7,42,0.8888907872811529,0.8194174757281554,0.35,0.6909090909090909,0.7353999112488622,0.6031746031746031,0.8085106382978723
int+cyclic,xgboost,123,42,0.8916617016466446,0.8192307692307692,0.35,0.6846846846846847,0.7352062813718077,0.59375,0.8085106382978723
