num_leaves,learning_rate,min_child_samples,objective,cv_MAE,best_iter
7,0.03,30,regression_l1,7.518869610871908,1131
7,0.03,10,regression_l1,7.556376507138528,610
7,0.1,30,regression_l1,7.692553164764997,226
15,0.1,30,regression_l1,7.776335628506801,416
7,0.1,10,regression_l1,7.929907586222313,102
31,0.03,30,regression_l1,8.053002769474356,1270
15,0.03,30,regression_l1,8.154494807830357,462
7,0.1,30,regression,8.188437256871973,68
31,0.1,30,regression_l1,8.458380373175705,472
7,0.03,30,regression,8.637202573028377,255
31,0.03,10,regression_l1,8.817557668239784,403
15,0.1,10,regression_l1,8.82519450977768,112
15,0.03,10,regression_l1,8.958872198118607,311
15,0.03,30,regression,9.391566674091479,213
31,0.03,30,regression,9.473832402178022,196
7,0.1,10,regression,9.604331945056883,112
31,0.1,10,regression_l1,9.683686782976663,80
7,0.03,10,regression,9.704816417720219,273
15,0.1,30,regression,9.73173512636822,53
15,0.03,10,regression,9.738396498219004,210
31,0.03,10,regression,9.911346377430998,204
31,0.1,30,regression,9.92086435921479,67
31,0.1,10,regression,10.009191717689413,68
15,0.1,10,regression,10.73455123093164,51
