missing,model,cv_PR-AUC,cv_F1,threshold,test_F1,test_PR-AUC,test_Recall,test_Precision
interp,random_forest,0.8855624357713952,0.8169556840077071,0.5,0.7027027027027027,0.765174220241168,0.8297872340425532,0.609375
interp,xgboost,0.8928485915521018,0.8146718146718147,0.35,0.6909090909090909,0.7398388888502643,0.8085106382978723,0.6031746031746031
interp,catboost,0.9028165251889563,0.8192771084337349,0.45,0.6804123711340206,0.738118504861433,0.7021276595744681,0.66
ffill,random_forest,0.8825415691189892,0.8132295719844358,0.5,0.7027027027027027,0.766214546287338,0.8297872340425532,0.609375
ffill,xgboost,0.8928485915521018,0.8146718146718147,0.35,0.6909090909090909,0.7398388888502643,0.8085106382978723,0.6031746031746031
ffill,catboost,0.900306992137521,0.8088531187122736,0.45,0.6868686868686869,0.7365295348103625,0.723404255319149,0.6538461538461539
zero,random_forest,0.882952814159359,0.8131021194605009,0.5,0.7027027027027027,0.7736782367380106,0.8297872340425532,0.609375
zero,xgboost,0.8928485915521018,0.8146718146718147,0.35,0.6909090909090909,0.7398388888502643,0.8085106382978723,0.6031746031746031
zero,catboost,0.900306992137521,0.8088531187122736,0.45,0.6868686868686869,0.7365295348103625,0.723404255319149,0.6538461538461539
native,random_forest,0.8816648000817587,0.8146718146718147,0.5,0.7027027027027027,0.7633768883775182,0.8297872340425532,0.609375
native,xgboost,0.8928485915521018,0.8146718146718147,0.35,0.6909090909090909,0.7398388888502643,0.8085106382978723,0.6031746031746031
native,catboost,0.9003837028434607,0.8202247191011236,0.35,0.6727272727272727,0.7364047242067547,0.7872340425531915,0.5873015873015873
