pattern,seed,missing,model,cv_PR-AUC,cv_F1,threshold,test_F1,test_PR-AUC,test_Recall,test_Precision
random,0,interp,random_forest,0.8846209963147638,0.8073022312373225,0.55,0.6915887850467289,0.7664438809345818,0.7872340425531915,0.6166666666666667
random,0,interp,xgboost,0.8898582277049275,0.8092485549132948,0.35,0.6846846846846847,0.733846229394929,0.8085106382978723,0.59375
random,0,interp,catboost,0.8985410509827524,0.8088531187122736,0.45,0.6530612244897959,0.7096497778633625,0.6808510638297872,0.6274509803921569
random,0,ffill,random_forest,0.8862786380382305,0.8114285714285714,0.5,0.7027027027027027,0.7740300079002557,0.8297872340425532,0.609375
random,0,ffill,xgboost,0.8886643733243006,0.8062015503875969,0.35,0.672566371681416,0.7326016706106083,0.8085106382978723,0.5757575757575758
random,0,ffill,catboost,0.9000179235206258,0.8097014925373134,0.35,0.6788990825688074,0.7277529987846089,0.7872340425531915,0.5967741935483871
random,0,zero,random_forest,0.8855939372737872,0.8068833652007649,0.5,0.6964285714285714,0.7569462237678644,0.8297872340425532,0.6
random,0,zero,xgboost,0.8870122707029657,0.8117001828153565,0.25,0.6890756302521008,0.7420839142689772,0.8723404255319149,0.5694444444444444
random,0,zero,catboost,0.8975538231136597,0.8049792531120332,0.5,0.6304347826086957,0.7138485679941524,0.6170212765957447,0.6444444444444445
random,0,native,random_forest,0.8854840979744131,0.817658349328215,0.5,0.7079646017699115,0.7649578181895488,0.851063829787234,0.6060606060606061
random,0,native,xgboost,0.8877131525563615,0.816247582205029,0.35,0.6909090909090909,0.7362314216736612,0.8085106382978723,0.6031746031746031
random,0,native,catboost,0.8971930990917616,0.8123791102514507,0.4,0.6981132075471698,0.7351252047387997,0.7872340425531915,0.6271186440677966
random,1,interp,random_forest,0.8805503495066069,0.8104838709677419,0.55,0.7090909090909091,0.7673034792073831,0.8297872340425532,0.6190476190476191
random,1,interp,xgboost,0.8884976583560626,0.8121442125237192,0.3,0.7008547008547008,0.7488518336224569,0.8723404255319149,0.5857142857142857
random,1,interp,catboost,0.8988948013475657,0.8175182481751825,0.3,0.6842105263157895,0.7316404238891598,0.8297872340425532,0.582089552238806
random,1,ffill,random_forest,0.8824831824016163,0.810077519379845,0.5,0.6902654867256637,0.776773047320088,0.8297872340425532,0.5909090909090909
random,1,ffill,xgboost,0.8930775394312868,0.813953488372093,0.35,0.7027027027027027,0.7454252856849399,0.8297872340425532,0.609375
random,1,ffill,catboost,0.896723022556462,0.8164794007490637,0.35,0.6788990825688074,0.7452563564782232,0.7872340425531915,0.5967741935483871
random,1,zero,random_forest,0.8828091404372949,0.8097165991902834,0.55,0.7037037037037037,0.7713454425313533,0.8085106382978723,0.6229508196721312
random,1,zero,xgboost,0.8890724080452987,0.8105065666041276,0.3,0.7017543859649122,0.742003910075935,0.851063829787234,0.5970149253731343
random,1,zero,catboost,0.8992989432997756,0.8128544423440454,0.35,0.6727272727272727,0.7377102865803066,0.7872340425531915,0.5873015873015873
random,1,native,random_forest,0.8845915762970677,0.8045977011494253,0.5,0.6964285714285714,0.7756379906328996,0.8297872340425532,0.6
random,1,native,xgboost,0.889032419174747,0.8062015503875969,0.35,0.6972477064220184,0.7479365179036215,0.8085106382978723,0.6129032258064516
random,1,native,catboost,0.8938055189774334,0.8104838709677419,0.45,0.68,0.7439230948909558,0.723404255319149,0.6415094339622641
random,2,interp,random_forest,0.8881848257533763,0.8154158215010142,0.55,0.6972477064220184,0.7682935685586562,0.8085106382978723,0.6129032258064516
random,2,interp,xgboost,0.8900657314440362,0.8143939393939394,0.3,0.7008547008547008,0.7321760333992606,0.8723404255319149,0.5857142857142857
random,2,interp,catboost,0.8991061168307235,0.810077519379845,0.4,0.6666666666666666,0.7328843507717004,0.7446808510638298,0.603448275862069
random,2,ffill,random_forest,0.8840781015265478,0.8116504854368932,0.5,0.7027027027027027,0.7674741269372608,0.8297872340425532,0.609375
random,2,ffill,xgboost,0.891177242589963,0.8120300751879699,0.3,0.6896551724137931,0.7313638053958944,0.851063829787234,0.5797101449275363
random,2,ffill,catboost,0.8992765083240963,0.8246268656716418,0.35,0.6788990825688074,0.7229399639157719,0.7872340425531915,0.5967741935483871
random,2,zero,random_forest,0.8830991120068705,0.8068833652007649,0.5,0.7027027027027027,0.7705999032532916,0.8297872340425532,0.609375
random,2,zero,xgboost,0.8897951985817496,0.8171206225680934,0.35,0.7027027027027027,0.721417237651323,0.8297872340425532,0.609375
random,2,zero,catboost,0.8979111585674058,0.8105065666041276,0.35,0.6788990825688074,0.7291103138395384,0.7872340425531915,0.5967741935483871
random,2,native,random_forest,0.8821788202554727,0.8099808061420346,0.5,0.7027027027027027,0.7602810610917748,0.8297872340425532,0.609375
random,2,native,xgboost,0.8880766451956466,0.8128544423440454,0.3,0.7130434782608696,0.7302293891637022,0.8723404255319149,0.6029411764705882
random,2,native,catboost,0.8990573685892157,0.8159392789373814,0.35,0.6788990825688074,0.744911224519614,0.7872340425531915,0.5967741935483871
block,0,interp,random_forest,0.8842484059714659,0.8123861566484517,0.45,0.7241379310344828,0.7805325623827406,0.8936170212765957,0.6086956521739131
block,0,interp,xgboost,0.8906389131185068,0.8169556840077071,0.35,0.6909090909090909,0.7359168742387558,0.8085106382978723,0.6031746031746031
block,0,interp,catboost,0.8992966943698164,0.819366852886406,0.3,0.6902654867256637,0.7212997588811716,0.8297872340425532,0.5909090909090909
block,0,ffill,random_forest,0.8824476477051021,0.8064516129032258,0.55,0.7037037037037037,0.7579045054840097,0.8085106382978723,0.6229508196721312
block,0,ffill,xgboost,0.890236138945724,0.8146718146718147,0.35,0.6788990825688074,0.746328303992908,0.7872340425531915,0.5967741935483871
block,0,ffill,catboost,0.9014577276722464,0.8241965973534972,0.35,0.6727272727272727,0.7375018666504422,0.7872340425531915,0.5873015873015873
block,0,zero,random_forest,0.8818729254983796,0.8085106382978723,0.5,0.7027027027027027,0.7593318193371489,0.8297872340425532,0.609375
block,0,zero,xgboost,0.8877248066241137,0.813953488372093,0.35,0.6846846846846847,0.7486675897356827,0.8085106382978723,0.59375
block,0,zero,catboost,0.9000997679451583,0.8082706766917294,0.35,0.6846846846846847,0.7320651023309304,0.8085106382978723,0.59375
block,0,native,random_forest,0.880316393378077,0.8099808061420346,0.5,0.7090909090909091,0.7521775246037659,0.8297872340425532,0.6190476190476191
block,0,native,xgboost,0.8882401968170142,0.819047619047619,0.3,0.6782608695652174,0.7498388591686959,0.8297872340425532,0.5735294117647058
block,0,native,catboost,0.8974221431864271,0.8181818181818182,0.35,0.6727272727272727,0.7442210215522862,0.7872340425531915,0.5873015873015873
block,1,interp,random_forest,0.8827323646025553,0.806949806949807,0.5,0.7027027027027027,0.7636048600730236,0.8297872340425532,0.609375
block,1,interp,xgboost,0.8908903968989205,0.8180112570356473,0.3,0.6949152542372882,0.7400202943784416,0.8723404255319149,0.5774647887323944
block,1,interp,catboost,0.9011239419870682,0.8202020202020202,0.45,0.7326732673267327,0.7476075632805578,0.7872340425531915,0.6851851851851852
block,1,ffill,random_forest,0.8787368095751265,0.8099808061420346,0.5,0.7027027027027027,0.7853916444412515,0.8297872340425532,0.609375
block,1,ffill,xgboost,0.8914395501295964,0.8128544423440454,0.3,0.7008547008547008,0.7451830959766469,0.8723404255319149,0.5857142857142857
block,1,ffill,catboost,0.8998627995476418,0.8137651821862348,0.45,0.7,0.7359170193489203,0.7446808510638298,0.660377358490566
block,1,zero,random_forest,0.8803290692718664,0.8153846153846154,0.5,0.7027027027027027,0.7723057796531213,0.8297872340425532,0.609375
block,1,zero,xgboost,0.8862195219610544,0.8053949903660886,0.35,0.6909090909090909,0.7383569381441062,0.8085106382978723,0.6031746031746031
block,1,zero,catboost,0.9011467112647837,0.8155339805825242,0.4,0.7058823529411765,0.7234057122803658,0.7659574468085106,0.6545454545454545
block,1,native,random_forest,0.8890775337211096,0.8093385214007782,0.5,0.7142857142857143,0.7705828408716154,0.851063829787234,0.6153846153846154
block,1,native,xgboost,0.8889234826096944,0.8125,0.35,0.6964285714285714,0.7539861279799454,0.8297872340425532,0.6
block,1,native,catboost,0.9012404206569273,0.8248587570621468,0.35,0.6915887850467289,0.7474008006312761,0.7872340425531915,0.6166666666666667
block,2,interp,random_forest,0.8833148446070173,0.8108108108108109,0.5,0.7027027027027027,0.7757200379051398,0.8297872340425532,0.609375
block,2,interp,xgboost,0.8899686693986095,0.8123791102514507,0.35,0.6909090909090909,0.7346083691583065,0.8085106382978723,0.6031746031746031
block,2,interp,catboost,0.9011363060032036,0.8157894736842105,0.35,0.6909090909090909,0.708757098878863,0.8085106382978723,0.6031746031746031
block,2,ffill,random_forest,0.883640781857288,0.8084291187739464,0.5,0.7027027027027027,0.7591532615230983,0.8297872340425532,0.609375
block,2,ffill,xgboost,0.8909708785975327,0.8153846153846154,0.35,0.6915887850467289,0.7289152649802552,0.7872340425531915,0.6166666666666667
block,2,ffill,catboost,0.8982404030660832,0.8140900195694716,0.4,0.6792452830188679,0.7273783839459759,0.7659574468085106,0.6101694915254238
block,2,zero,random_forest,0.8806938870672711,0.8192307692307692,0.5,0.6964285714285714,0.7713745843786264,0.8297872340425532,0.6
block,2,zero,xgboost,0.8902326000343644,0.8128544423440454,0.3,0.7008547008547008,0.727197513887215,0.8723404255319149,0.5857142857142857
block,2,zero,catboost,0.8987107448145205,0.813953488372093,0.4,0.6730769230769231,0.709100275099985,0.7446808510638298,0.6140350877192983
block,2,native,random_forest,0.8852748792435231,0.8084291187739464,0.5,0.6956521739130435,0.7753278527395762,0.851063829787234,0.5882352941176471
block,2,native,xgboost,0.8869673153191192,0.8171206225680934,0.35,0.7207207207207207,0.736703402574407,0.851063829787234,0.625
block,2,native,catboost,0.8992624267957889,0.8137651821862348,0.45,0.72,0.7368993614496973,0.7659574468085106,0.6792452830188679
