num_leaves,learning_rate,min_child_samples,objective,cv_MAE,fold_MAE,best_iter
31,0.1,10,regression_l1,7.941976208899491,9.20 / 6.73,62
15,0.1,10,regression,7.986770516651382,9.15 / 6.86,49
15,0.1,10,regression_l1,7.987350184329108,9.28 / 6.74,80
15,0.03,10,regression_l1,8.040814689533448,9.35 / 6.78,386
7,0.03,30,regression,8.053222577682313,9.20 / 6.95,185
7,0.1,30,regression,8.063599638445138,9.23 / 6.93,51
15,0.1,30,regression,8.0686202829385,9.19 / 6.98,47
15,0.03,30,regression,8.074007914442369,9.26 / 6.92,182
15,0.03,30,regression_l1,8.076366231132795,9.24 / 6.95,342
7,0.1,10,regression_l1,8.08582117604775,9.17 / 7.04,163
15,0.1,30,regression_l1,8.111469659830913,9.18 / 7.07,54
15,0.03,10,regression,8.114877145718362,9.38 / 6.89,147
31,0.1,30,regression,8.119857680564397,9.33 / 6.95,51
31,0.03,10,regression_l1,8.155952192528348,9.30 / 7.05,292
31,0.03,30,regression_l1,8.164882166040114,9.37 / 7.00,351
31,0.03,30,regression,8.16815733994905,9.44 / 6.94,185
31,0.1,30,regression_l1,8.171661898272188,9.39 / 6.99,106
7,0.1,10,regression,8.180603460215353,9.39 / 7.01,56
7,0.03,10,regression,8.186152970355549,9.35 / 7.06,178
31,0.03,10,regression,8.1976618740906,9.33 / 7.11,150
7,0.03,10,regression_l1,8.204766497792418,9.38 / 7.07,370
31,0.1,10,regression,8.207452222848023,9.23 / 7.22,57
7,0.1,30,regression_l1,8.216504078557758,9.38 / 7.09,80
7,0.03,30,regression_l1,8.236108677186738,9.40 / 7.11,372
