max_depth,learning_rate,min_child_weight,objective,cv_MAE,fold_MAE,best_iter
3,0.03,5,reg:absoluteerror,23.430497508557117,13.32 / 33.21,235
3,0.03,1,reg:absoluteerror,23.558082154865474,13.64 / 33.15,219
5,0.03,5,reg:absoluteerror,25.10068835977648,16.92 / 33.01,228
3,0.1,5,reg:absoluteerror,25.492913099585987,15.63 / 35.03,54
7,0.03,5,reg:absoluteerror,25.678825047498194,18.52 / 32.61,268
3,0.1,1,reg:absoluteerror,25.749870360223323,16.10 / 35.09,43
5,0.03,1,reg:absoluteerror,25.916428572493174,18.22 / 33.36,162
5,0.1,5,reg:absoluteerror,25.980910245186646,18.34 / 33.38,54
5,0.1,1,reg:absoluteerror,26.13855981696499,19.11 / 32.94,41
7,0.1,5,reg:absoluteerror,26.166297894357985,19.40 / 32.72,173
7,0.03,1,reg:absoluteerror,26.317965302962424,19.77 / 32.66,305
7,0.1,1,reg:absoluteerror,26.35903070663494,20.07 / 32.45,69
7,0.03,5,reg:squarederror,26.48544240779564,17.69 / 35.00,156
5,0.03,1,reg:squarederror,26.924052358325063,17.82 / 35.74,98
3,0.03,1,reg:squarederror,27.056113996140944,17.24 / 36.56,71
7,0.1,5,reg:squarederror,27.12290409744763,19.90 / 34.11,29
5,0.03,5,reg:squarederror,27.314159603066784,17.64 / 36.68,88
3,0.03,5,reg:squarederror,27.578617455529386,18.30 / 36.56,60
3,0.1,1,reg:squarederror,27.61291175201291,17.74 / 37.16,22
7,0.03,1,reg:squarederror,27.81839156150818,19.14 / 36.21,150
3,0.1,5,reg:squarederror,28.14905937903566,18.83 / 37.16,18
5,0.1,5,reg:squarederror,28.634488602153592,17.08 / 39.81,25
7,0.1,1,reg:squarederror,28.733839569196025,17.62 / 39.49,29
5,0.1,1,reg:squarederror,30.122069671505788,19.73 / 40.18,17
