max_depth,min_samples_leaf,max_features,class_weight,cv_PR-AUC,cv_ROC-AUC,cv_F1,cv_threshold,fold_PR-AUC,best_iter
None,5,sqrt,None,0.8897205252096292,0.971629603436534,0.8054474708171206,0.45,0.8885 / 0.8963,
None,10,sqrt,None,0.8896465912121748,0.9724448635339725,0.8066914498141264,0.4,0.8876 / 0.9007,
12,10,sqrt,None,0.8888946232140574,0.9723924773429725,0.8059701492537313,0.4,0.8862 / 0.8994,
12,5,sqrt,None,0.8870802410757768,0.9710009691445335,0.8070175438596491,0.45,0.8863 / 0.8930,
None,5,sqrt,balanced_subsample,0.8855624357713952,0.974478102572162,0.8169556840077071,0.5,0.8816 / 0.9024,
None,10,sqrt,balanced_subsample,0.8846293911872795,0.974068835454974,0.8083491461100569,0.6,0.8793 / 0.9008,
12,10,sqrt,balanced_subsample,0.8832530791863471,0.9739706113468489,0.8068181818181818,0.6,0.8789 / 0.8987,
12,5,sqrt,balanced_subsample,0.8819946822077559,0.9742063492063493,0.8160919540229885,0.5,0.8768 / 0.9018,
12,10,0.5,None,0.8795696993753369,0.9698059091623449,0.8014842300556586,0.4,0.8797 / 0.8820,
None,10,0.5,None,0.8794004180112234,0.9697829902037822,0.8,0.4,0.8793 / 0.8827,
None,5,0.5,None,0.8758602042738094,0.9689906490649064,0.7975460122699386,0.5,0.8759 / 0.8813,
12,5,0.5,None,0.8757287896644799,0.968492980250406,0.7961538461538461,0.45,0.8778 / 0.8759,
12,1,sqrt,None,0.8732724550412793,0.968782741369375,0.7850467289719626,0.45,0.8693 / 0.8838,
None,10,0.5,balanced_subsample,0.8726303556172892,0.9703559641678453,0.7928571428571428,0.45,0.8568 / 0.9095,
12,10,0.5,balanced_subsample,0.87099849479823,0.9700776625281575,0.7928571428571428,0.45,0.8556 / 0.9074,
None,1,sqrt,None,0.8672687209863067,0.9674076038556236,0.7813084112149533,0.45,0.8612 / 0.8838,
None,5,0.5,balanced_subsample,0.8533929663290466,0.9640597988370266,0.7736943907156673,0.45,0.8263 / 0.9118,
12,5,0.5,balanced_subsample,0.8531837444584566,0.9645672900623395,0.7761194029850746,0.4,0.8262 / 0.9088,
12,1,0.5,None,0.8485303127004724,0.963206886164807,0.7596330275229358,0.45,0.8459 / 0.8574,
None,1,0.5,None,0.8485083763002617,0.9635146550369322,0.7555555555555555,0.45,0.8471 / 0.8569,
12,1,sqrt,balanced_subsample,0.847880888179309,0.9683603777044372,0.7953667953667953,0.35,0.8356 / 0.8756,
None,1,sqrt,balanced_subsample,0.8471947730269341,0.9678316045890304,0.7890625,0.3,0.8332 / 0.8753,
12,1,0.5,balanced_subsample,0.8045275890722376,0.9575655482214888,0.7543859649122807,0.25,0.7748 / 0.8575,
None,1,0.5,balanced_subsample,0.791879476773771,0.9529162737702341,0.7385159010600707,0.2,0.7426 / 0.8756,
