Date,fold,label,actual,forecast,predicted_label
2021-07-01 00:00:00,2021-07,0,69.0,59.798557,0
2021-07-01 01:00:00,2021-07,0,115.0,116.57369,0
2021-07-01 02:00:00,2021-07,0,116.0,116.34469,0
2021-07-01 03:00:00,2021-07,0,112.0,116.08544,0
2021-07-01 04:00:00,2021-07,0,111.0,115.1434,0
2021-07-01 05:00:00,2021-07,0,114.0,104.35709,0
2021-07-01 06:00:00,2021-07,0,115.0,120.351456,0
2021-07-01 07:00:00,2021-07,0,148.0,147.99254,0
2021-07-01 08:00:00,2021-07,1,194.0,177.40706,1
2021-07-01 09:00:00,2021-07,1,184.0,180.51294,1
2021-07-01 10:00:00,2021-07,1,185.0,178.84756,1
2021-07-01 11:00:00,2021-07,1,190.0,177.59572,1
2021-07-01 12:00:00,2021-07,0,115.0,132.39423,0
2021-07-01 13:00:00,2021-07,1,206.0,182.58263,1
2021-07-01 14:00:00,2021-07,1,192.0,183.91597,1
2021-07-01 15:00:00,2021-07,1,197.0,180.37701,1
2021-07-01 16:00:00,2021-07,1,188.0,179.32861,1
2021-07-01 17:00:00,2021-07,0,160.0,163.97292,0
2021-07-01 18:00:00,2021-07,0,164.0,161.19763,0
2021-07-01 19:00:00,2021-07,0,171.0,157.14293,0
2021-07-01 20:00:00,2021-07,0,147.0,144.13168,0
2021-07-01 21:00:00,2021-07,0,141.0,134.18631,0
2021-07-01 22:00:00,2021-07,0,122.0,129.3182,0
2021-07-01 23:00:00,2021-07,0,124.0,114.7194,0
2021-07-02 00:00:00,2021-07,0,69.0,68.646706,0
2021-07-02 01:00:00,2021-07,0,115.0,125.814026,0
2021-07-02 02:00:00,2021-07,0,121.0,112.81221,0
2021-07-02 03:00:00,2021-07,0,115.0,109.19354,0
2021-07-02 04:00:00,2021-07,0,110.0,111.82491,0
2021-07-02 05:00:00,2021-07,0,120.0,104.0546,0
2021-07-02 06:00:00,2021-07,0,117.0,122.79265,0
2021-07-02 07:00:00,2021-07,0,143.0,127.581474,0
2021-07-02 08:00:00,2021-07,0,173.0,176.71556,1
2021-07-02 09:00:00,2021-07,1,187.0,174.34451,1
2021-07-02 10:00:00,2021-07,1,179.0,162.4965,0
2021-07-02 11:00:00,2021-07,1,186.0,172.14413,1
2021-07-02 12:00:00,2021-07,0,117.0,116.91764,0
2021-07-02 13:00:00,2021-07,0,178.0,173.7927,1
2021-07-02 14:00:00,2021-07,1,183.0,178.88513,1
2021-07-02 15:00:00,2021-07,0,160.0,171.8096,1
2021-07-02 16:00:00,2021-07,0,164.0,168.13263,0
2021-07-02 17:00:00,2021-07,0,175.0,158.89839,0
2021-07-02 18:00:00,2021-07,0,169.0,169.86848,1
2021-07-02 19:00:00,2021-07,0,149.0,156.48683,0
2021-07-02 20:00:00,2021-07,0,130.0,123.069534,0
2021-07-02 21:00:00,2021-07,0,121.0,123.44101,0
2021-07-02 22:00:00,2021-07,0,117.0,125.85695,0
2021-07-02 23:00:00,2021-07,0,103.0,105.87508,0
2021-07-03 00:00:00,2021-07,0,76.0,77.10579,0
2021-07-03 01:00:00,2021-07,0,110.0,92.81781,0
2021-07-03 02:00:00,2021-07,0,107.0,111.9503,0
2021-07-03 03:00:00,2021-07,0,108.0,113.44179,0
2021-07-03 04:00:00,2021-07,0,112.0,111.779366,0
2021-07-03 05:00:00,2021-07,0,105.0,98.893135,0
2021-07-03 06:00:00,2021-07,0,105.0,105.66469,0
2021-07-03 07:00:00,2021-07,0,83.0,92.29536,0
2021-07-03 08:00:00,2021-07,0,23.0,34.370174,0
2021-07-03 09:00:00,2021-07,0,27.0,24.949368,0
2021-07-03 10:00:00,2021-07,0,23.0,27.138336,0
2021-07-03 11:00:00,2021-07,0,23.0,30.849854,0
2021-07-03 12:00:00,2021-07,0,27.0,32.503086,0
2021-07-03 13:00:00,2021-07,0,22.0,33.703903,0
2021-07-03 14:00:00,2021-07,0,23.0,30.194304,0
2021-07-03 15:00:00,2021-07,0,25.0,31.237455,0
2021-07-03 16:00:00,2021-07,0,26.0,31.23651,0
2021-07-03 17:00:00,2021-07,0,22.0,30.930191,0
2021-07-03 18:00:00,2021-07,0,23.0,32.25211,0
2021-07-03 19:00:00,2021-07,0,27.0,27.224161,0
2021-07-03 20:00:00,2021-07,0,23.0,21.395504,0
2021-07-03 21:00:00,2021-07,0,23.0,21.141098,0
2021-07-03 22:00:00,2021-07,0,27.0,21.568144,0
2021-07-03 23:00:00,2021-07,0,23.0,24.408007,0
2021-07-04 00:00:00,2021-07,0,23.0,26.282421,0
2021-07-04 01:00:00,2021-07,0,27.0,29.700779,0
2021-07-04 02:00:00,2021-07,0,24.0,32.445435,0
2021-07-04 03:00:00,2021-07,0,23.0,21.221933,0
2021-07-04 04:00:00,2021-07,0,23.0,18.871855,0
2021-07-04 05:00:00,2021-07,0,27.0,23.617981,0
2021-07-04 06:00:00,2021-07,0,23.0,34.15245,0
2021-07-04 07:00:00,2021-07,0,23.0,42.799427,0
2021-07-04 08:00:00,2021-07,0,28.0,51.256165,0
2021-07-04 09:00:00,2021-07,0,22.0,36.415215,0
2021-07-04 10:00:00,2021-07,0,23.0,29.567627,0
2021-07-04 11:00:00,2021-07,0,28.0,26.281645,0
2021-07-04 12:00:00,2021-07,0,24.0,29.291847,0
2021-07-04 13:00:00,2021-07,0,24.0,31.700207,0
2021-07-04 14:00:00,2021-07,0,27.0,34.01844,0
2021-07-04 15:00:00,2021-07,0,27.0,37.31693,0
2021-07-04 16:00:00,2021-07,0,25.0,30.890257,0
2021-07-04 17:00:00,2021-07,0,22.0,29.156197,0
2021-07-04 18:00:00,2021-07,0,27.0,26.236807,0
2021-07-04 19:00:00,2021-07,0,23.0,27.863821,0
2021-07-04 20:00:00,2021-07,0,23.0,26.70142,0
2021-07-04 21:00:00,2021-07,0,28.0,24.612665,0
2021-07-04 22:00:00,2021-07,0,24.0,29.777403,0
2021-07-04 23:00:00,2021-07,0,23.0,33.1421,0
2021-07-05 00:00:00,2021-07,0,28.0,42.6109,0
2021-07-05 01:00:00,2021-07,0,23.0,42.06513,0
2021-07-05 02:00:00,2021-07,0,23.0,28.33763,0
2021-07-05 03:00:00,2021-07,0,25.0,28.016388,0
2021-07-05 04:00:00,2021-07,0,27.0,32.650818,0
2021-07-05 05:00:00,2021-07,0,23.0,36.348667,0
2021-07-05 06:00:00,2021-07,0,23.0,44.156746,0
2021-07-05 07:00:00,2021-07,0,104.0,64.24971,0
2021-07-05 08:00:00,2021-07,1,183.0,184.2633,1
2021-07-05 09:00:00,2021-07,0,175.0,175.02109,1
2021-07-05 10:00:00,2021-07,1,185.0,167.696,0
2021-07-05 11:00:00,2021-07,1,185.0,179.18896,1
2021-07-05 12:00:00,2021-07,0,116.0,142.40828,0
2021-07-05 13:00:00,2021-07,1,181.0,166.03772,0
2021-07-05 14:00:00,2021-07,0,170.0,174.03299,1
2021-07-05 15:00:00,2021-07,1,183.0,168.42514,0
2021-07-05 16:00:00,2021-07,0,173.0,171.59898,1
2021-07-05 17:00:00,2021-07,0,140.0,156.17706,0
2021-07-05 18:00:00,2021-07,0,163.0,148.12245,0
2021-07-05 19:00:00,2021-07,0,153.0,155.95529,0
2021-07-05 20:00:00,2021-07,0,130.0,121.02754,0
2021-07-05 21:00:00,2021-07,0,124.0,119.505936,0
2021-07-05 22:00:00,2021-07,0,115.0,104.40494,0
2021-07-05 23:00:00,2021-07,0,116.0,116.1371,0
2021-07-06 00:00:00,2021-07,0,68.0,69.93694,0
2021-07-06 01:00:00,2021-07,0,111.0,110.825066,0
2021-07-06 02:00:00,2021-07,0,110.0,105.96722,0
2021-07-06 03:00:00,2021-07,0,116.0,95.62553,0
2021-07-06 04:00:00,2021-07,0,112.0,113.19136,0
2021-07-06 05:00:00,2021-07,0,110.0,117.8187,0
2021-07-06 06:00:00,2021-07,0,105.0,124.447426,0
2021-07-06 07:00:00,2021-07,0,145.0,127.48462,0
2021-07-06 08:00:00,2021-07,1,193.0,176.9321,1
2021-07-06 09:00:00,2021-07,1,185.0,187.07251,1
2021-07-06 10:00:00,2021-07,0,176.0,182.97424,1
2021-07-06 11:00:00,2021-07,1,182.0,185.54764,1
2021-07-06 12:00:00,2021-07,0,132.0,129.06529,0
2021-07-06 13:00:00,2021-07,0,170.0,164.90373,0
2021-07-06 14:00:00,2021-07,1,185.0,167.29523,0
2021-07-06 15:00:00,2021-07,0,173.0,178.65642,1
2021-07-06 16:00:00,2021-07,0,177.0,168.18393,0
2021-07-06 17:00:00,2021-07,0,148.0,162.7019,0
2021-07-06 18:00:00,2021-07,0,161.0,151.8915,0
2021-07-06 19:00:00,2021-07,0,157.0,150.59357,0
2021-07-06 20:00:00,2021-07,0,138.0,136.9227,0
2021-07-06 21:00:00,2021-07,0,132.0,126.46717,0
2021-07-06 22:00:00,2021-07,0,115.0,123.65285,0
2021-07-06 23:00:00,2021-07,0,114.0,111.910545,0
2021-07-07 00:00:00,2021-07,0,89.0,90.50246,0
2021-07-07 01:00:00,2021-07,0,112.0,96.30232,0
2021-07-07 02:00:00,2021-07,0,107.0,116.47492,0
2021-07-07 03:00:00,2021-07,0,115.0,115.61243,0
2021-07-07 04:00:00,2021-07,0,108.0,111.88001,0
2021-07-07 05:00:00,2021-07,0,101.0,118.69485,0
2021-07-07 06:00:00,2021-07,0,106.0,115.651344,0
2021-07-07 07:00:00,2021-07,0,145.0,135.29843,0
2021-07-07 08:00:00,2021-07,1,203.0,178.16829,1
2021-07-07 09:00:00,2021-07,1,187.0,185.9556,1
2021-07-07 10:00:00,2021-07,1,186.0,177.32512,1
2021-07-07 11:00:00,2021-07,1,183.0,176.99263,1
2021-07-07 12:00:00,2021-07,0,131.0,129.10924,0
2021-07-07 13:00:00,2021-07,1,185.0,168.99336,0
2021-07-07 14:00:00,2021-07,1,185.0,176.4361,1
2021-07-07 15:00:00,2021-07,0,176.0,174.21481,1
2021-07-07 16:00:00,2021-07,1,181.0,167.29915,0
2021-07-07 17:00:00,2021-07,1,179.0,165.32253,0
2021-07-07 18:00:00,2021-07,0,173.0,166.09645,0
2021-07-07 19:00:00,2021-07,0,169.0,158.24919,0
2021-07-07 20:00:00,2021-07,0,127.0,134.35072,0
2021-07-07 21:00:00,2021-07,0,120.0,122.55094,0
2021-07-07 22:00:00,2021-07,0,113.0,121.356415,0
2021-07-07 23:00:00,2021-07,0,110.0,117.99275,0
2021-07-08 00:00:00,2021-07,0,78.0,85.63211,0
2021-07-08 01:00:00,2021-07,0,104.0,106.9594,0
2021-07-08 02:00:00,2021-07,0,110.0,106.36758,0
2021-07-08 03:00:00,2021-07,0,115.0,115.80946,0
2021-07-08 04:00:00,2021-07,0,109.0,115.96143,0
2021-07-08 05:00:00,2021-07,0,107.0,119.838905,0
2021-07-08 06:00:00,2021-07,0,115.0,120.125725,0
2021-07-08 07:00:00,2021-07,0,146.0,143.8593,0
2021-07-08 08:00:00,2021-07,1,187.0,181.70546,1
2021-07-08 09:00:00,2021-07,1,186.0,184.57353,1
2021-07-08 10:00:00,2021-07,1,201.0,184.63754,1
2021-07-08 11:00:00,2021-07,1,192.0,186.31934,1
2021-07-08 12:00:00,2021-07,0,131.0,155.80522,0
2021-07-08 13:00:00,2021-07,1,201.0,182.24944,1
2021-07-08 14:00:00,2021-07,1,200.0,181.89716,1
2021-07-08 15:00:00,2021-07,1,184.0,178.9519,1
2021-07-08 16:00:00,2021-07,1,186.0,177.85005,1
2021-07-08 17:00:00,2021-07,0,155.0,159.76863,0
2021-07-08 18:00:00,2021-07,0,155.0,154.7199,0
2021-07-08 19:00:00,2021-07,0,153.0,140.85216,0
2021-07-08 20:00:00,2021-07,0,132.0,136.15051,0
2021-07-08 21:00:00,2021-07,0,128.0,125.68402,0
2021-07-08 22:00:00,2021-07,0,118.0,122.3806,0
2021-07-08 23:00:00,2021-07,0,119.0,112.738976,0
2021-07-09 00:00:00,2021-07,0,78.0,82.6292,0
2021-07-09 01:00:00,2021-07,0,105.0,112.08775,0
2021-07-09 02:00:00,2021-07,0,114.0,106.95173,0
2021-07-09 03:00:00,2021-07,0,109.0,117.10183,0
2021-07-09 04:00:00,2021-07,0,106.0,114.592834,0
2021-07-09 05:00:00,2021-07,0,105.0,105.17267,0
2021-07-09 06:00:00,2021-07,0,125.0,112.691,0
2021-07-09 07:00:00,2021-07,0,156.0,132.14322,0
2021-07-09 08:00:00,2021-07,1,188.0,181.64465,1
2021-07-09 09:00:00,2021-07,0,168.0,180.16747,1
2021-07-09 10:00:00,2021-07,0,176.0,179.1046,1
2021-07-09 11:00:00,2021-07,0,176.0,174.1487,1
2021-07-09 12:00:00,2021-07,0,112.0,132.09367,0
2021-07-09 13:00:00,2021-07,1,186.0,169.34343,1
2021-07-09 14:00:00,2021-07,1,192.0,167.92476,0
2021-07-09 15:00:00,2021-07,1,188.0,170.82182,1
2021-07-09 16:00:00,2021-07,0,176.0,171.78914,1
2021-07-09 17:00:00,2021-07,0,165.0,166.78656,0
2021-07-09 18:00:00,2021-07,0,174.0,168.03221,0
2021-07-09 19:00:00,2021-07,0,140.0,163.8668,0
2021-07-09 20:00:00,2021-07,0,111.0,134.29033,0
2021-07-09 21:00:00,2021-07,0,109.0,125.21569,0
2021-07-09 22:00:00,2021-07,0,111.0,121.44209,0
2021-07-09 23:00:00,2021-07,0,106.0,109.171844,0
2021-07-10 00:00:00,2021-07,0,70.0,73.36363,0
2021-07-10 01:00:00,2021-07,0,102.0,94.758606,0
2021-07-10 02:00:00,2021-07,0,100.0,104.14397,0
2021-07-10 03:00:00,2021-07,0,106.0,108.15637,0
2021-07-10 04:00:00,2021-07,0,106.0,109.47284,0
2021-07-10 05:00:00,2021-07,0,97.0,101.822014,0
2021-07-10 06:00:00,2021-07,0,104.0,97.94871,0
2021-07-10 07:00:00,2021-07,0,105.0,98.56792,0
2021-07-10 08:00:00,2021-07,0,27.0,33.720486,0
2021-07-10 09:00:00,2021-07,0,27.0,29.915863,0
2021-07-10 10:00:00,2021-07,0,32.0,28.587969,0
2021-07-10 11:00:00,2021-07,0,31.0,33.785397,0
2021-07-10 12:00:00,2021-07,0,26.0,40.5066,0
2021-07-10 13:00:00,2021-07,0,28.0,39.12849,0
2021-07-10 14:00:00,2021-07,0,23.0,35.09495,0
2021-07-10 15:00:00,2021-07,0,25.0,33.15309,0
2021-07-10 16:00:00,2021-07,0,27.0,37.312668,0
2021-07-10 17:00:00,2021-07,0,23.0,37.255302,0
2021-07-10 18:00:00,2021-07,0,22.0,37.023415,0
2021-07-10 19:00:00,2021-07,0,26.0,28.92791,0
2021-07-10 20:00:00,2021-07,0,23.0,22.956192,0
2021-07-10 21:00:00,2021-07,0,23.0,21.60092,0
2021-07-10 22:00:00,2021-07,0,26.0,22.134485,0
2021-07-10 23:00:00,2021-07,0,23.0,24.896883,0
2021-07-11 00:00:00,2021-07,0,23.0,27.785385,0
2021-07-11 01:00:00,2021-07,0,27.0,31.276098,0
2021-07-11 02:00:00,2021-07,0,23.0,31.237823,0
2021-07-11 03:00:00,2021-07,0,24.0,20.414003,0
2021-07-11 04:00:00,2021-07,0,24.0,22.083187,0
2021-07-11 05:00:00,2021-07,0,27.0,24.568188,0
2021-07-11 06:00:00,2021-07,0,22.0,32.731388,0
2021-07-11 07:00:00,2021-07,0,22.0,41.354572,0
2021-07-11 08:00:00,2021-07,0,27.0,51.51061,0
2021-07-11 09:00:00,2021-07,0,22.0,37.077072,0
2021-07-11 10:00:00,2021-07,0,23.0,29.403881,0
2021-07-11 11:00:00,2021-07,0,28.0,24.986956,0
2021-07-11 12:00:00,2021-07,0,24.0,26.423609,0
2021-07-11 13:00:00,2021-07,0,24.0,29.113106,0
2021-07-11 14:00:00,2021-07,0,28.0,33.25782,0
2021-07-11 15:00:00,2021-07,0,24.0,38.16504,0
2021-07-11 16:00:00,2021-07,0,26.0,31.652182,0
2021-07-11 17:00:00,2021-07,0,26.0,30.605751,0
2021-07-11 18:00:00,2021-07,0,26.0,29.440344,0
2021-07-11 19:00:00,2021-07,0,23.0,26.694666,0
2021-07-11 20:00:00,2021-07,0,23.0,25.611622,0
2021-07-11 21:00:00,2021-07,0,28.0,26.40928,0
2021-07-11 22:00:00,2021-07,0,24.0,27.649254,0
2021-07-11 23:00:00,2021-07,0,23.0,32.955425,0
2021-07-12 00:00:00,2021-07,0,26.0,44.06541,0
2021-07-12 01:00:00,2021-07,0,23.0,33.640217,0
2021-07-12 02:00:00,2021-07,0,23.0,29.36044,0
2021-07-12 03:00:00,2021-07,0,27.0,26.751198,0
2021-07-12 04:00:00,2021-07,0,23.0,36.336807,0
2021-07-12 05:00:00,2021-07,0,23.0,32.621403,0
2021-07-12 06:00:00,2021-07,0,25.0,47.409317,0
2021-07-12 07:00:00,2021-07,0,123.0,68.38808,0
2021-07-12 08:00:00,2021-07,1,198.0,190.8718,1
2021-07-12 09:00:00,2021-07,1,195.0,185.39279,1
2021-07-12 10:00:00,2021-07,1,186.0,180.80331,1
2021-07-12 11:00:00,2021-07,1,188.0,192.06209,1
2021-07-12 12:00:00,2021-07,0,134.0,141.24529,0
2021-07-12 13:00:00,2021-07,0,178.0,171.0735,1
2021-07-12 14:00:00,2021-07,1,190.0,178.4505,1
2021-07-12 15:00:00,2021-07,1,188.0,181.37442,1
2021-07-12 16:00:00,2021-07,0,177.0,177.05609,1
2021-07-12 17:00:00,2021-07,0,173.0,173.31862,1
2021-07-12 18:00:00,2021-07,0,164.0,165.66826,0
2021-07-12 19:00:00,2021-07,0,175.0,150.82088,0
2021-07-12 20:00:00,2021-07,0,136.0,123.56269,0
2021-07-12 21:00:00,2021-07,0,133.0,123.61355,0
2021-07-12 22:00:00,2021-07,0,125.0,106.175224,0
2021-07-12 23:00:00,2021-07,0,115.0,110.90881,0
2021-07-13 00:00:00,2021-07,0,70.0,69.99569,0
2021-07-13 01:00:00,2021-07,0,119.0,106.95911,0
2021-07-13 02:00:00,2021-07,0,117.0,96.01892,0
2021-07-13 03:00:00,2021-07,0,115.0,106.716515,0
2021-07-13 04:00:00,2021-07,0,112.0,112.5009,0
2021-07-13 05:00:00,2021-07,0,162.0,117.60986,0
2021-07-13 06:00:00,2021-07,0,125.0,134.40573,0
2021-07-13 07:00:00,2021-07,0,113.0,161.32689,0
2021-07-13 08:00:00,2021-07,0,112.0,167.86661,0
2021-07-13 09:00:00,2021-07,0,118.0,163.61885,0
2021-07-13 10:00:00,2021-07,0,138.0,165.78305,0
2021-07-13 11:00:00,2021-07,0,167.0,156.14388,0
2021-07-13 12:00:00,2021-07,0,129.0,143.72081,0
2021-07-13 13:00:00,2021-07,0,112.0,136.42735,0
2021-07-13 14:00:00,2021-07,0,174.0,138.94876,0
2021-07-13 15:00:00,2021-07,1,186.0,145.78154,0
2021-07-13 16:00:00,2021-07,1,181.0,167.3191,0
2021-07-13 17:00:00,2021-07,0,147.0,168.6526,0
2021-07-13 18:00:00,2021-07,0,160.0,150.80296,0
2021-07-13 19:00:00,2021-07,1,187.0,149.7409,0
2021-07-13 20:00:00,2021-07,1,189.0,151.35744,0
2021-07-13 21:00:00,2021-07,1,179.0,148.83708,0
2021-07-13 22:00:00,2021-07,1,187.0,144.32945,0
2021-07-13 23:00:00,2021-07,1,190.0,139.34494,0
2021-07-14 00:00:00,2021-07,0,75.0,151.06644,0
2021-07-14 01:00:00,2021-07,0,112.0,126.87962,0
2021-07-14 02:00:00,2021-07,0,109.0,86.69922,0
2021-07-14 03:00:00,2021-07,0,114.0,135.66113,0
2021-07-14 04:00:00,2021-07,0,107.0,125.99025,0
2021-07-14 05:00:00,2021-07,0,115.0,116.40284,0
2021-07-14 06:00:00,2021-07,0,112.0,126.59714,0
2021-07-14 07:00:00,2021-07,0,154.0,142.32669,0
2021-07-14 08:00:00,2021-07,1,186.0,176.21988,1
2021-07-14 09:00:00,2021-07,1,195.0,182.22284,1
2021-07-14 10:00:00,2021-07,1,185.0,181.81064,1
2021-07-14 11:00:00,2021-07,1,193.0,179.12988,1
2021-07-14 12:00:00,2021-07,0,110.0,137.49506,0
2021-07-14 13:00:00,2021-07,1,179.0,169.3291,1
2021-07-14 14:00:00,2021-07,1,186.0,172.1417,1
2021-07-14 15:00:00,2021-07,0,141.0,177.97815,1
2021-07-14 16:00:00,2021-07,0,156.0,151.3676,0
2021-07-14 17:00:00,2021-07,1,179.0,153.06929,0
2021-07-14 18:00:00,2021-07,0,169.0,162.60907,0
2021-07-14 19:00:00,2021-07,0,148.0,156.62486,0
2021-07-14 20:00:00,2021-07,0,120.0,127.17766,0
2021-07-14 21:00:00,2021-07,0,113.0,118.67321,0
2021-07-14 22:00:00,2021-07,0,115.0,119.70771,0
2021-07-14 23:00:00,2021-07,0,112.0,111.45804,0
2021-07-15 00:00:00,2021-07,0,70.0,69.398415,0
2021-07-15 01:00:00,2021-07,0,106.0,107.46734,0
2021-07-15 02:00:00,2021-07,0,119.0,98.38881,0
2021-07-15 03:00:00,2021-07,0,111.0,109.10241,0
2021-07-15 04:00:00,2021-07,0,121.0,114.330086,0
2021-07-15 05:00:00,2021-07,0,96.0,114.58401,0
2021-07-15 06:00:00,2021-07,0,108.0,98.45714,0
2021-07-15 07:00:00,2021-07,0,110.0,127.68253,0
2021-07-15 08:00:00,2021-07,0,144.0,159.88568,0
2021-07-15 09:00:00,2021-07,0,120.0,167.07985,0
2021-07-15 10:00:00,2021-07,0,110.0,155.37833,0
2021-07-15 11:00:00,2021-07,0,168.0,145.1965,0
2021-07-15 12:00:00,2021-07,0,123.0,102.048134,0
2021-07-15 13:00:00,2021-07,0,130.0,103.31031,0
2021-07-15 14:00:00,2021-07,0,169.0,133.72923,0
2021-07-15 15:00:00,2021-07,0,159.0,144.2137,0
2021-07-15 16:00:00,2021-07,1,193.0,147.54759,0
2021-07-15 17:00:00,2021-07,0,174.0,163.51506,0
2021-07-15 18:00:00,2021-07,1,202.0,159.41388,0
2021-07-15 19:00:00,2021-07,0,162.0,168.08546,0
2021-07-15 20:00:00,2021-07,0,166.0,146.74059,0
2021-07-15 21:00:00,2021-07,1,190.0,139.2365,0
2021-07-15 22:00:00,2021-07,1,202.0,147.69354,0
2021-07-15 23:00:00,2021-07,1,193.0,150.95493,0
2021-07-16 00:00:00,2021-07,0,67.0,138.60239,0
2021-07-16 01:00:00,2021-07,0,100.0,93.406,0
2021-07-16 02:00:00,2021-07,0,103.0,98.99702,0
2021-07-16 03:00:00,2021-07,0,114.0,154.95029,0
2021-07-16 04:00:00,2021-07,0,109.0,115.00761,0
2021-07-16 05:00:00,2021-07,0,107.0,109.85529,0
2021-07-16 06:00:00,2021-07,0,109.0,108.86644,0
2021-07-16 07:00:00,2021-07,0,157.0,119.09781,0
2021-07-16 08:00:00,2021-07,1,194.0,176.06767,1
2021-07-16 09:00:00,2021-07,1,190.0,174.8909,1
2021-07-16 10:00:00,2021-07,1,187.0,178.5325,1
2021-07-16 11:00:00,2021-07,1,197.0,187.07112,1
2021-07-16 12:00:00,2021-07,0,128.0,121.140526,0
2021-07-16 13:00:00,2021-07,1,181.0,180.8191,1
2021-07-16 14:00:00,2021-07,1,181.0,188.81487,1
2021-07-16 15:00:00,2021-07,1,189.0,181.16531,1
2021-07-16 16:00:00,2021-07,0,178.0,174.84427,1
2021-07-16 17:00:00,2021-07,0,176.0,160.05872,0
2021-07-16 18:00:00,2021-07,0,168.0,171.29372,1
2021-07-16 19:00:00,2021-07,0,146.0,156.48692,0
2021-07-16 20:00:00,2021-07,0,123.0,129.96492,0
2021-07-16 21:00:00,2021-07,0,120.0,125.846436,0
2021-07-16 22:00:00,2021-07,0,112.0,112.497444,0
2021-07-16 23:00:00,2021-07,0,118.0,102.064865,0
2021-07-17 00:00:00,2021-07,0,66.0,63.14469,0
2021-07-17 01:00:00,2021-07,0,110.0,108.740524,0
2021-07-17 02:00:00,2021-07,0,105.0,98.280495,0
2021-07-17 03:00:00,2021-07,0,102.0,104.15318,0
2021-07-17 04:00:00,2021-07,0,103.0,107.25777,0
2021-07-17 05:00:00,2021-07,0,108.0,105.26735,0
2021-07-17 06:00:00,2021-07,0,96.0,111.9965,0
2021-07-17 07:00:00,2021-07,0,88.0,92.31729,0
2021-07-17 08:00:00,2021-07,0,27.0,25.14626,0
2021-07-17 09:00:00,2021-07,0,24.0,22.15249,0
2021-07-17 10:00:00,2021-07,0,24.0,27.698744,0
2021-07-17 11:00:00,2021-07,0,27.0,31.88834,0
2021-07-17 12:00:00,2021-07,0,26.0,35.84762,0
2021-07-17 13:00:00,2021-07,0,24.0,32.13276,0
2021-07-17 14:00:00,2021-07,0,24.0,30.505198,0
2021-07-17 15:00:00,2021-07,0,28.0,29.92729,0
2021-07-17 16:00:00,2021-07,0,24.0,30.294851,0
2021-07-17 17:00:00,2021-07,0,23.0,30.479408,0
2021-07-17 18:00:00,2021-07,0,27.0,33.732986,0
2021-07-17 19:00:00,2021-07,0,23.0,28.515776,0
2021-07-17 20:00:00,2021-07,0,23.0,22.73804,0
2021-07-17 21:00:00,2021-07,0,24.0,23.526258,0
2021-07-17 22:00:00,2021-07,0,28.0,24.005396,0
2021-07-17 23:00:00,2021-07,0,24.0,25.812078,0
2021-07-18 00:00:00,2021-07,0,24.0,27.934875,0
2021-07-18 01:00:00,2021-07,0,28.0,32.40297,0
2021-07-18 02:00:00,2021-07,0,24.0,28.160929,0
2021-07-18 03:00:00,2021-07,0,24.0,21.694435,0
2021-07-18 04:00:00,2021-07,0,28.0,19.82583,0
2021-07-18 05:00:00,2021-07,0,22.0,24.638044,0
2021-07-18 06:00:00,2021-07,0,23.0,28.974722,0
2021-07-18 07:00:00,2021-07,0,28.0,43.41978,0
2021-07-18 08:00:00,2021-07,0,24.0,57.156265,0
2021-07-18 09:00:00,2021-07,0,23.0,38.675186,0
2021-07-18 10:00:00,2021-07,0,23.0,31.455881,0
2021-07-18 11:00:00,2021-07,0,27.0,25.884874,0
2021-07-18 12:00:00,2021-07,0,23.0,27.82685,0
2021-07-18 13:00:00,2021-07,0,23.0,31.20954,0
2021-07-18 14:00:00,2021-07,0,27.0,33.74417,0
2021-07-18 15:00:00,2021-07,0,26.0,34.67988,0
2021-07-18 16:00:00,2021-07,0,23.0,29.925873,0
2021-07-18 17:00:00,2021-07,0,27.0,27.27169,0
2021-07-18 18:00:00,2021-07,0,25.0,30.24538,0
2021-07-18 19:00:00,2021-07,0,23.0,27.358906,0
2021-07-18 20:00:00,2021-07,0,23.0,25.315744,0
2021-07-18 21:00:00,2021-07,0,28.0,25.91634,0
2021-07-18 22:00:00,2021-07,0,24.0,28.737652,0
2021-07-18 23:00:00,2021-07,0,23.0,34.046963,0
2021-07-19 00:00:00,2021-07,0,28.0,43.792202,0
2021-07-19 01:00:00,2021-07,0,24.0,38.61414,0
2021-07-19 02:00:00,2021-07,0,24.0,30.88329,0
2021-07-19 03:00:00,2021-07,0,24.0,29.338142,0
2021-07-19 04:00:00,2021-07,0,27.0,29.01715,0
2021-07-19 05:00:00,2021-07,0,23.0,36.143494,0
2021-07-19 06:00:00,2021-07,0,23.0,45.158943,0
2021-07-19 07:00:00,2021-07,0,119.0,64.07345,0
2021-07-19 08:00:00,2021-07,1,200.0,190.60907,1
2021-07-19 09:00:00,2021-07,1,185.0,172.94804,1
2021-07-19 10:00:00,2021-07,1,209.0,174.68343,1
2021-07-19 11:00:00,2021-07,1,222.0,190.77661,1
2021-07-19 12:00:00,2021-07,0,134.0,146.68852,0
2021-07-19 13:00:00,2021-07,1,193.0,176.43535,1
2021-07-19 14:00:00,2021-07,1,190.0,178.89085,1
2021-07-19 15:00:00,2021-07,1,201.0,174.77927,1
2021-07-19 16:00:00,2021-07,1,187.0,181.59218,1
2021-07-19 17:00:00,2021-07,1,190.0,172.27129,1
2021-07-19 18:00:00,2021-07,1,188.0,174.19601,1
2021-07-19 19:00:00,2021-07,0,162.0,160.67294,0
2021-07-19 20:00:00,2021-07,0,136.0,132.22643,0
2021-07-19 21:00:00,2021-07,0,129.0,126.90006,0
2021-07-19 22:00:00,2021-07,0,114.0,114.49462,0
2021-07-19 23:00:00,2021-07,0,120.0,118.12379,0
2021-07-20 00:00:00,2021-07,0,76.0,72.580925,0
2021-07-20 01:00:00,2021-07,0,112.0,104.18263,0
2021-07-20 02:00:00,2021-07,0,106.0,103.52936,0
2021-07-20 03:00:00,2021-07,0,116.0,111.3437,0
2021-07-20 04:00:00,2021-07,0,110.0,113.13853,0
2021-07-20 05:00:00,2021-07,0,106.0,107.02552,0
2021-07-20 06:00:00,2021-07,0,117.0,120.41398,0
2021-07-20 07:00:00,2021-07,0,148.0,143.84068,0
2021-07-20 08:00:00,2021-07,1,201.0,179.47824,1
2021-07-20 09:00:00,2021-07,1,200.0,182.16388,1
2021-07-20 10:00:00,2021-07,1,197.0,187.94023,1
2021-07-20 11:00:00,2021-07,1,192.0,196.74948,1
2021-07-20 12:00:00,2021-07,0,142.0,153.68587,0
2021-07-20 13:00:00,2021-07,1,194.0,176.34918,1
2021-07-20 14:00:00,2021-07,1,192.0,186.73431,1
2021-07-20 15:00:00,2021-07,1,199.0,186.5855,1
2021-07-20 16:00:00,2021-07,1,201.0,185.10593,1
2021-07-20 17:00:00,2021-07,0,159.0,169.78418,1
2021-07-20 18:00:00,2021-07,1,182.0,160.45651,0
2021-07-20 19:00:00,2021-07,0,176.0,168.50879,0
2021-07-20 20:00:00,2021-07,0,132.0,149.09305,0
2021-07-20 21:00:00,2021-07,0,137.0,122.84688,0
2021-07-20 22:00:00,2021-07,0,121.0,126.7315,0
2021-07-20 23:00:00,2021-07,0,117.0,117.628395,0
2021-07-21 00:00:00,2021-07,0,85.0,79.277725,0
2021-07-21 01:00:00,2021-07,0,113.0,105.179375,0
2021-07-21 02:00:00,2021-07,0,108.0,115.39141,0
2021-07-21 03:00:00,2021-07,0,111.0,114.94248,0
2021-07-21 04:00:00,2021-07,0,117.0,113.691124,0
2021-07-21 05:00:00,2021-07,0,111.0,107.34255,0
2021-07-21 06:00:00,2021-07,0,110.0,129.3491,0
2021-07-21 07:00:00,2021-07,0,149.0,153.00839,0
2021-07-21 08:00:00,2021-07,1,209.0,177.83313,1
2021-07-21 09:00:00,2021-07,1,214.0,182.73997,1
2021-07-21 10:00:00,2021-07,1,197.0,191.93793,1
2021-07-21 11:00:00,2021-07,1,206.0,189.39124,1
2021-07-21 12:00:00,2021-07,0,150.0,152.44165,0
2021-07-21 13:00:00,2021-07,1,204.0,176.75911,1
2021-07-21 14:00:00,2021-07,1,203.0,195.14992,1
2021-07-21 15:00:00,2021-07,1,199.0,194.61166,1
2021-07-21 16:00:00,2021-07,1,189.0,180.64938,1
2021-07-21 17:00:00,2021-07,0,153.0,175.31248,1
2021-07-21 18:00:00,2021-07,0,168.0,161.19673,0
2021-07-21 19:00:00,2021-07,0,174.0,162.16705,0
2021-07-21 20:00:00,2021-07,0,138.0,139.6973,0
2021-07-21 21:00:00,2021-07,0,118.0,131.32808,0
2021-07-21 22:00:00,2021-07,0,114.0,124.46517,0
2021-07-21 23:00:00,2021-07,0,111.0,117.65183,0
2021-07-22 00:00:00,2021-07,0,73.0,76.36411,0
2021-07-22 01:00:00,2021-07,0,106.0,111.73813,0
2021-07-22 02:00:00,2021-07,0,111.0,111.18307,0
2021-07-22 03:00:00,2021-07,0,105.0,106.52875,0
2021-07-22 04:00:00,2021-07,0,108.0,113.04657,0
2021-07-22 05:00:00,2021-07,0,103.0,120.322945,0
2021-07-22 06:00:00,2021-07,0,109.0,116.14249,0
2021-07-22 07:00:00,2021-07,0,146.0,137.76404,0
2021-07-22 08:00:00,2021-07,1,213.0,180.6277,1
2021-07-22 09:00:00,2021-07,1,197.0,177.6879,1
2021-07-22 10:00:00,2021-07,1,192.0,184.26666,1
2021-07-22 11:00:00,2021-07,1,192.0,191.4385,1
2021-07-22 12:00:00,2021-07,0,119.0,143.92587,0
2021-07-22 13:00:00,2021-07,0,177.0,180.61092,1
2021-07-22 14:00:00,2021-07,1,189.0,180.01233,1
2021-07-22 15:00:00,2021-07,1,182.0,181.50648,1
2021-07-22 16:00:00,2021-07,0,172.0,174.10985,1
2021-07-22 17:00:00,2021-07,0,155.0,155.89838,0
2021-07-22 18:00:00,2021-07,0,169.0,152.52737,0
2021-07-22 19:00:00,2021-07,0,163.0,162.34306,0
2021-07-22 20:00:00,2021-07,0,138.0,133.93785,0
2021-07-22 21:00:00,2021-07,0,123.0,126.11309,0
2021-07-22 22:00:00,2021-07,0,122.0,123.32346,0
2021-07-22 23:00:00,2021-07,0,114.0,111.35826,0
2021-07-23 00:00:00,2021-07,0,87.0,89.47242,0
2021-07-23 01:00:00,2021-07,0,111.0,100.22631,0
2021-07-23 02:00:00,2021-07,0,110.0,103.87435,0
2021-07-23 03:00:00,2021-07,0,109.0,120.0308,0
2021-07-23 04:00:00,2021-07,0,101.0,113.76806,0
2021-07-23 05:00:00,2021-07,0,99.0,104.110344,0
2021-07-23 06:00:00,2021-07,0,105.0,105.900345,0
2021-07-23 07:00:00,2021-07,0,144.0,123.54472,0
2021-07-23 08:00:00,2021-07,1,202.0,180.93741,1
2021-07-23 09:00:00,2021-07,1,190.0,167.73677,0
2021-07-23 10:00:00,2021-07,1,189.0,176.93861,1
2021-07-23 11:00:00,2021-07,1,199.0,175.82243,1
2021-07-23 12:00:00,2021-07,0,125.0,137.95256,0
2021-07-23 13:00:00,2021-07,1,192.0,179.69675,1
2021-07-23 14:00:00,2021-07,1,190.0,188.94266,1
2021-07-23 15:00:00,2021-07,1,206.0,179.9551,1
2021-07-23 16:00:00,2021-07,1,197.0,182.8508,1
2021-07-23 17:00:00,2021-07,0,178.0,168.75725,0
2021-07-23 18:00:00,2021-07,0,176.0,176.3633,1
2021-07-23 19:00:00,2021-07,0,165.0,177.71956,1
2021-07-23 20:00:00,2021-07,0,115.0,131.60341,0
2021-07-23 21:00:00,2021-07,0,110.0,123.08113,0
2021-07-23 22:00:00,2021-07,0,107.0,120.92596,0
2021-07-23 23:00:00,2021-07,0,111.0,109.23567,0
2021-07-24 00:00:00,2021-07,0,72.0,80.8363,0
2021-07-24 01:00:00,2021-07,0,101.0,98.49006,0
2021-07-24 02:00:00,2021-07,0,100.0,100.94466,0
2021-07-24 03:00:00,2021-07,0,104.0,101.43727,0
2021-07-24 04:00:00,2021-07,0,100.0,107.52003,0
2021-07-24 05:00:00,2021-07,0,91.0,96.13672,0
2021-07-24 06:00:00,2021-07,0,98.0,91.293304,0
2021-07-24 07:00:00,2021-07,0,81.0,93.12122,0
2021-07-24 08:00:00,2021-07,0,28.0,33.776424,0
2021-07-24 09:00:00,2021-07,0,24.0,20.555475,0
2021-07-24 10:00:00,2021-07,0,24.0,20.87106,0
2021-07-24 11:00:00,2021-07,0,29.0,25.368786,0
2021-07-24 12:00:00,2021-07,0,24.0,31.230032,0
2021-07-24 13:00:00,2021-07,0,24.0,30.633408,0
2021-07-24 14:00:00,2021-07,0,24.0,33.123447,0
2021-07-24 15:00:00,2021-07,0,28.0,33.617195,0
2021-07-24 16:00:00,2021-07,0,25.0,31.80817,0
2021-07-24 17:00:00,2021-07,0,24.0,32.596176,0
2021-07-24 18:00:00,2021-07,0,29.0,34.471214,0
2021-07-24 19:00:00,2021-07,0,28.0,32.949505,0
2021-07-24 20:00:00,2021-07,0,25.0,22.65755,0
2021-07-24 21:00:00,2021-07,0,25.0,24.627985,0
2021-07-24 22:00:00,2021-07,0,28.0,25.076519,0
2021-07-24 23:00:00,2021-07,0,24.0,26.87411,0
2021-07-25 00:00:00,2021-07,0,24.0,28.67434,0
2021-07-25 01:00:00,2021-07,0,26.0,32.539627,0
2021-07-25 02:00:00,2021-07,0,29.0,30.010221,0
2021-07-25 03:00:00,2021-07,0,26.0,26.024744,0
2021-07-25 04:00:00,2021-07,0,24.0,18.169565,0
2021-07-25 05:00:00,2021-07,0,28.0,23.735842,0
2021-07-25 06:00:00,2021-07,0,24.0,38.13351,0
2021-07-25 07:00:00,2021-07,0,24.0,43.43015,0
2021-07-25 08:00:00,2021-07,0,24.0,53.65658,0
2021-07-25 09:00:00,2021-07,0,29.0,38.898926,0
2021-07-25 10:00:00,2021-07,0,24.0,34.231014,0
2021-07-25 11:00:00,2021-07,0,24.0,27.413935,0
2021-07-25 12:00:00,2021-07,0,28.0,28.601671,0
2021-07-25 13:00:00,2021-07,0,24.0,35.302006,0
2021-07-25 14:00:00,2021-07,0,25.0,35.286633,0
2021-07-25 15:00:00,2021-07,0,25.0,34.11647,0
2021-07-25 16:00:00,2021-07,0,29.0,31.641535,0
2021-07-25 17:00:00,2021-07,0,24.0,29.74001,0
2021-07-25 18:00:00,2021-07,0,24.0,26.353409,0
2021-07-25 19:00:00,2021-07,0,28.0,27.48462,0
2021-07-25 20:00:00,2021-07,0,24.0,32.280327,0
2021-07-25 21:00:00,2021-07,0,24.0,26.404907,0
2021-07-25 22:00:00,2021-07,0,24.0,28.458778,0
2021-07-25 23:00:00,2021-07,0,28.0,35.053898,0
2021-07-26 00:00:00,2021-07,0,24.0,47.1755,0
2021-07-26 01:00:00,2021-07,0,24.0,33.973907,0
2021-07-26 02:00:00,2021-07,0,27.0,32.58575,0
2021-07-26 03:00:00,2021-07,0,27.0,35.21751,0
2021-07-26 04:00:00,2021-07,0,24.0,31.290426,0
2021-07-26 05:00:00,2021-07,0,24.0,34.489,0
2021-07-26 06:00:00,2021-07,0,27.0,46.77007,0
2021-07-26 07:00:00,2021-07,0,127.0,71.69071,0
2021-07-26 08:00:00,2021-07,1,217.0,192.15337,1
2021-07-26 09:00:00,2021-07,1,189.0,174.47932,1
2021-07-26 10:00:00,2021-07,1,207.0,180.10178,1
2021-07-26 11:00:00,2021-07,1,202.0,195.20277,1
2021-07-26 12:00:00,2021-07,0,130.0,150.08926,0
2021-07-26 13:00:00,2021-07,1,180.0,177.36238,1
2021-07-26 14:00:00,2021-07,1,199.0,179.48544,1
2021-07-26 15:00:00,2021-07,1,180.0,178.44313,1
2021-07-26 16:00:00,2021-07,0,177.0,170.61534,1
2021-07-26 17:00:00,2021-07,0,169.0,164.74994,0
2021-07-26 18:00:00,2021-07,1,186.0,157.8322,0
2021-07-26 19:00:00,2021-07,0,177.0,158.45203,0
2021-07-26 20:00:00,2021-07,0,103.0,120.93083,0
2021-07-26 21:00:00,2021-07,0,116.0,119.20948,0
2021-07-26 22:00:00,2021-07,0,116.0,113.879326,0
2021-07-26 23:00:00,2021-07,0,107.0,112.28257,0
2021-07-27 00:00:00,2021-07,0,70.0,57.557247,0
2021-07-27 01:00:00,2021-07,0,110.0,99.16949,0
2021-07-27 02:00:00,2021-07,0,119.0,117.82402,0
2021-07-27 03:00:00,2021-07,0,111.0,112.741615,0
2021-07-27 04:00:00,2021-07,0,114.0,110.176704,0
2021-07-27 05:00:00,2021-07,0,106.0,101.84358,0
2021-07-27 06:00:00,2021-07,0,111.0,116.52003,0
2021-07-27 07:00:00,2021-07,0,161.0,142.02983,0
2021-07-27 08:00:00,2021-07,1,207.0,187.7913,1
2021-07-27 09:00:00,2021-07,1,192.0,177.83896,1
2021-07-27 10:00:00,2021-07,1,206.0,190.83145,1
2021-07-27 11:00:00,2021-07,1,211.0,190.2622,1
2021-07-27 12:00:00,2021-07,0,124.0,150.79752,0
2021-07-27 13:00:00,2021-07,1,198.0,189.01875,1
2021-07-27 14:00:00,2021-07,1,199.0,188.52159,1
2021-07-27 15:00:00,2021-07,1,201.0,189.64656,1
2021-07-27 16:00:00,2021-07,1,187.0,188.33815,1
2021-07-27 17:00:00,2021-07,1,184.0,175.03937,1
2021-07-27 18:00:00,2021-07,0,174.0,176.01024,1
2021-07-27 19:00:00,2021-07,1,180.0,161.30951,0
2021-07-27 20:00:00,2021-07,0,147.0,143.49901,0
2021-07-27 21:00:00,2021-07,0,148.0,138.82384,0
2021-07-27 22:00:00,2021-07,0,132.0,139.68349,0
2021-07-27 23:00:00,2021-07,0,139.0,117.151054,0
2021-07-28 00:00:00,2021-07,0,91.0,68.18998,0
2021-07-28 01:00:00,2021-07,0,130.0,123.35868,0
2021-07-28 02:00:00,2021-07,0,130.0,121.919655,0
2021-07-28 03:00:00,2021-07,0,128.0,133.97418,0
2021-07-28 04:00:00,2021-07,0,123.0,127.8679,0
2021-07-28 05:00:00,2021-07,0,119.0,123.070366,0
2021-07-28 06:00:00,2021-07,0,127.0,134.41066,0
2021-07-28 07:00:00,2021-07,0,174.0,176.0529,1
2021-07-28 08:00:00,2021-07,1,204.0,188.91882,1
2021-07-28 09:00:00,2021-07,1,204.0,186.1023,1
2021-07-28 10:00:00,2021-07,1,202.0,195.7456,1
2021-07-28 11:00:00,2021-07,1,212.0,193.21793,1
2021-07-28 12:00:00,2021-07,0,145.0,167.61656,0
2021-07-28 13:00:00,2021-07,1,200.0,184.88483,1
2021-07-28 14:00:00,2021-07,1,203.0,196.26796,1
2021-07-28 15:00:00,2021-07,1,187.0,194.42961,1
2021-07-28 16:00:00,2021-07,1,181.0,177.54924,1
2021-07-28 17:00:00,2021-07,1,190.0,159.19441,0
2021-07-28 18:00:00,2021-07,1,190.0,175.2072,1
2021-07-28 19:00:00,2021-07,0,175.0,175.04372,1
2021-07-28 20:00:00,2021-07,0,113.0,127.67722,0
2021-07-28 21:00:00,2021-07,0,115.0,126.84777,0
2021-07-28 22:00:00,2021-07,0,109.0,124.76065,0
2021-07-28 23:00:00,2021-07,0,116.0,115.99092,0
2021-07-29 00:00:00,2021-07,0,70.0,63.683372,0
2021-07-29 01:00:00,2021-07,0,118.0,113.51416,0
2021-07-29 02:00:00,2021-07,0,118.0,108.3842,0
2021-07-29 03:00:00,2021-07,0,117.0,115.60449,0
2021-07-29 04:00:00,2021-07,0,116.0,118.84223,0
2021-07-29 05:00:00,2021-07,0,119.0,113.24213,0
2021-07-29 06:00:00,2021-07,0,121.0,126.08192,0
2021-07-29 07:00:00,2021-07,0,159.0,145.32848,0
2021-07-29 08:00:00,2021-07,1,204.0,185.05916,1
2021-07-29 09:00:00,2021-07,1,205.0,187.0757,1
2021-07-29 10:00:00,2021-07,1,203.0,188.82182,1
2021-07-29 11:00:00,2021-07,1,211.0,194.75186,1
2021-07-29 12:00:00,2021-07,0,133.0,159.43565,0
2021-07-29 13:00:00,2021-07,1,206.0,188.5352,1
2021-07-29 14:00:00,2021-07,1,201.0,188.49976,1
2021-07-29 15:00:00,2021-07,1,186.0,190.21883,1
2021-07-29 16:00:00,2021-07,0,172.0,178.87868,1
2021-07-29 17:00:00,2021-07,0,152.0,167.4519,0
2021-07-29 18:00:00,2021-07,1,180.0,157.81586,0
2021-07-29 19:00:00,2021-07,1,181.0,166.66106,0
2021-07-29 20:00:00,2021-07,0,134.0,145.41917,0
2021-07-29 21:00:00,2021-07,0,131.0,132.08946,0
2021-07-29 22:00:00,2021-07,0,130.0,127.897835,0
2021-07-29 23:00:00,2021-07,0,127.0,114.748474,0
2021-07-31 00:00:00,2021-07,0,24.0,67.10939,0
2021-07-31 01:00:00,2021-07,0,21.0,12.32143,0
2021-07-31 02:00:00,2021-07,0,21.0,3.3360424,0
2021-07-31 03:00:00,2021-07,0,21.0,13.082559,0
2021-07-31 04:00:00,2021-07,0,26.0,6.7014775,0
2021-07-31 05:00:00,2021-07,0,21.0,11.5611315,0
2021-07-31 06:00:00,2021-07,0,21.0,13.249423,0
2021-07-31 07:00:00,2021-07,0,23.0,20.075241,0
2021-07-31 08:00:00,2021-07,0,21.0,21.772709,0
2021-07-31 09:00:00,2021-07,0,21.0,15.976405,0
2021-07-31 10:00:00,2021-07,0,23.0,11.357327,0
2021-07-31 11:00:00,2021-07,0,26.0,13.107517,0
2021-07-31 12:00:00,2021-07,0,21.0,12.343908,0
2021-07-31 13:00:00,2021-07,0,21.0,12.382401,0
2021-07-31 14:00:00,2021-07,0,25.0,13.8948765,0
2021-07-31 15:00:00,2021-07,0,23.0,21.22104,0
2021-07-31 16:00:00,2021-07,0,21.0,20.854956,0
2021-07-31 17:00:00,2021-07,0,21.0,23.783926,0
2021-07-31 18:00:00,2021-07,0,28.0,27.023453,0
2021-07-31 19:00:00,2021-07,0,21.0,21.682434,0
2021-07-31 20:00:00,2021-07,0,21.0,18.151213,0
2021-07-31 21:00:00,2021-07,0,25.0,20.300304,0
2021-07-31 22:00:00,2021-07,0,21.0,25.646786,0
2021-07-31 23:00:00,2021-07,0,21.0,21.799824,0
2021-08-01 00:00:00,2021-08,0,21.0,25.55574,0
2021-08-01 01:00:00,2021-08,0,26.0,28.90851,0
2021-08-01 02:00:00,2021-08,0,21.0,25.94483,0
2021-08-01 03:00:00,2021-08,0,21.0,24.712103,0
2021-08-01 04:00:00,2021-08,0,25.0,24.106422,0
2021-08-01 05:00:00,2021-08,0,24.0,28.369835,0
2021-08-01 06:00:00,2021-08,0,21.0,29.29736,0
2021-08-01 07:00:00,2021-08,0,21.0,39.982372,0
2021-08-01 08:00:00,2021-08,0,28.0,42.776817,0
2021-08-01 09:00:00,2021-08,0,24.0,36.976322,0
2021-08-01 10:00:00,2021-08,0,21.0,25.912195,0
2021-08-01 11:00:00,2021-08,0,21.0,25.633123,0
2021-08-01 12:00:00,2021-08,0,25.0,27.832567,0
2021-08-01 13:00:00,2021-08,0,21.0,32.923504,0
2021-08-01 14:00:00,2021-08,0,21.0,29.554945,0
2021-08-01 15:00:00,2021-08,0,23.0,25.379654,0
2021-08-01 16:00:00,2021-08,0,25.0,26.533794,0
2021-08-01 17:00:00,2021-08,0,21.0,24.542965,0
2021-08-01 18:00:00,2021-08,0,21.0,24.4308,0
2021-08-01 19:00:00,2021-08,0,22.0,25.37994,0
2021-08-01 20:00:00,2021-08,0,26.0,24.425186,0
2021-08-01 21:00:00,2021-08,0,22.0,23.382492,0
2021-08-01 22:00:00,2021-08,0,23.0,22.197483,0
2021-08-01 23:00:00,2021-08,0,24.0,29.416243,0
2021-08-02 00:00:00,2021-08,0,23.0,36.25869,0
2021-08-02 01:00:00,2021-08,0,21.0,27.642164,0
2021-08-02 02:00:00,2021-08,0,21.0,23.591358,0
2021-08-02 03:00:00,2021-08,0,26.0,24.122713,0
2021-08-02 04:00:00,2021-08,0,21.0,23.320045,0
2021-08-02 05:00:00,2021-08,0,21.0,20.431068,0
2021-08-02 06:00:00,2021-08,0,25.0,39.18255,0
2021-08-02 07:00:00,2021-08,0,24.0,105.6359,0
2021-08-02 08:00:00,2021-08,0,21.0,78.33184,0
2021-08-02 09:00:00,2021-08,0,21.0,48.068943,0
2021-08-02 10:00:00,2021-08,0,25.0,43.222786,0
2021-08-02 11:00:00,2021-08,0,21.0,49.66174,0
2021-08-02 12:00:00,2021-08,0,21.0,44.45342,0
2021-08-02 13:00:00,2021-08,0,23.0,41.270504,0
2021-08-02 14:00:00,2021-08,0,25.0,39.11906,0
2021-08-02 15:00:00,2021-08,0,21.0,37.178143,0
2021-08-02 16:00:00,2021-08,0,21.0,32.849426,0
2021-08-02 17:00:00,2021-08,0,24.0,31.897646,0
2021-08-02 18:00:00,2021-08,0,26.0,35.500786,0
2021-08-02 19:00:00,2021-08,0,21.0,37.89055,0
2021-08-02 20:00:00,2021-08,0,24.0,44.48368,0
2021-08-02 21:00:00,2021-08,0,24.0,40.9548,0
2021-08-02 22:00:00,2021-08,0,24.0,37.751316,0
2021-08-02 23:00:00,2021-08,0,21.0,29.636349,0
2021-08-03 00:00:00,2021-08,0,22.0,31.075218,0
2021-08-03 01:00:00,2021-08,0,26.0,26.454899,0
2021-08-03 02:00:00,2021-08,0,21.0,14.385944,0
2021-08-03 03:00:00,2021-08,0,22.0,8.903829,0
2021-08-03 04:00:00,2021-08,0,21.0,14.387046,0
2021-08-03 05:00:00,2021-08,0,24.0,20.100212,0
2021-08-03 06:00:00,2021-08,0,21.0,37.849674,0
2021-08-03 07:00:00,2021-08,0,21.0,74.76328,0
2021-08-03 08:00:00,2021-08,0,25.0,57.2558,0
2021-08-03 09:00:00,2021-08,0,21.0,40.341362,0
2021-08-03 10:00:00,2021-08,0,21.0,32.280018,0
2021-08-03 11:00:00,2021-08,0,24.0,31.56914,0
2021-08-03 12:00:00,2021-08,0,25.0,33.011646,0
2021-08-03 13:00:00,2021-08,0,21.0,33.323883,0
2021-08-03 14:00:00,2021-08,0,22.0,28.15466,0
2021-08-03 15:00:00,2021-08,0,26.0,24.897135,0
2021-08-03 16:00:00,2021-08,0,24.0,27.467087,0
2021-08-03 17:00:00,2021-08,0,21.0,20.425426,0
2021-08-03 18:00:00,2021-08,0,24.0,21.93494,0
2021-08-03 19:00:00,2021-08,0,25.0,27.701002,0
2021-08-03 20:00:00,2021-08,0,22.0,35.462044,0
2021-08-03 21:00:00,2021-08,0,22.0,32.014004,0
2021-08-03 22:00:00,2021-08,0,21.0,28.819805,0
2021-08-03 23:00:00,2021-08,0,26.0,24.622597,0
2021-08-04 00:00:00,2021-08,0,21.0,18.044907,0
2021-08-04 01:00:00,2021-08,0,21.0,34.683952,0
2021-08-04 02:00:00,2021-08,0,21.0,23.283655,0
2021-08-04 03:00:00,2021-08,0,25.0,15.222686,0
2021-08-04 04:00:00,2021-08,0,21.0,16.588205,0
2021-08-04 05:00:00,2021-08,0,21.0,19.649357,0
2021-08-04 06:00:00,2021-08,0,26.0,30.471853,0
2021-08-04 07:00:00,2021-08,0,21.0,67.17591,0
2021-08-04 08:00:00,2021-08,0,23.0,52.16847,0
2021-08-04 09:00:00,2021-08,0,21.0,37.544235,0
2021-08-04 10:00:00,2021-08,0,25.0,32.174824,0
2021-08-04 11:00:00,2021-08,0,21.0,32.2651,0
2021-08-04 12:00:00,2021-08,0,21.0,24.651485,0
2021-08-04 13:00:00,2021-08,0,25.0,28.58467,0
2021-08-04 14:00:00,2021-08,0,24.0,30.946232,0
2021-08-04 15:00:00,2021-08,0,24.0,22.415417,0
2021-08-04 16:00:00,2021-08,0,22.0,25.121317,0
2021-08-04 17:00:00,2021-08,0,26.0,19.35186,0
2021-08-04 18:00:00,2021-08,0,22.0,25.764057,0
2021-08-04 19:00:00,2021-08,0,21.0,22.781683,0
2021-08-04 20:00:00,2021-08,0,21.0,23.800838,0
2021-08-04 21:00:00,2021-08,0,26.0,25.166666,0
2021-08-04 22:00:00,2021-08,0,21.0,23.61901,0
2021-08-04 23:00:00,2021-08,0,22.0,22.453468,0
2021-08-05 00:00:00,2021-08,0,21.0,16.500957,0
2021-08-05 01:00:00,2021-08,0,25.0,32.96857,0
2021-08-05 02:00:00,2021-08,0,21.0,27.875599,0
2021-08-05 03:00:00,2021-08,0,21.0,23.31145,0
2021-08-05 04:00:00,2021-08,0,25.0,23.38233,0
2021-08-05 05:00:00,2021-08,0,22.0,34.114483,0
2021-08-05 06:00:00,2021-08,0,22.0,44.912773,0
2021-08-05 07:00:00,2021-08,0,20.0,91.74391,0
2021-08-05 08:00:00,2021-08,0,24.0,85.041214,0
2021-08-05 09:00:00,2021-08,0,21.0,62.599678,0
2021-08-05 10:00:00,2021-08,0,21.0,49.626892,0
2021-08-05 11:00:00,2021-08,0,25.0,44.04384,0
2021-08-05 12:00:00,2021-08,0,24.0,42.078865,0
2021-08-05 13:00:00,2021-08,0,24.0,31.90568,0
2021-08-05 14:00:00,2021-08,0,22.0,33.31259,0
2021-08-05 15:00:00,2021-08,0,25.0,26.448084,0
2021-08-05 16:00:00,2021-08,0,22.0,27.555777,0
2021-08-05 17:00:00,2021-08,0,22.0,23.176088,0
2021-08-05 18:00:00,2021-08,0,21.0,24.207031,0
2021-08-05 19:00:00,2021-08,0,25.0,25.991615,0
2021-08-05 20:00:00,2021-08,0,22.0,26.55845,0
2021-08-05 21:00:00,2021-08,0,22.0,26.7265,0
2021-08-05 22:00:00,2021-08,0,23.0,24.118677,0
2021-08-05 23:00:00,2021-08,0,26.0,24.443926,0
2021-08-06 00:00:00,2021-08,0,21.0,23.025244,0
2021-08-06 01:00:00,2021-08,0,21.0,50.930927,0
2021-08-06 02:00:00,2021-08,0,21.0,54.221798,0
2021-08-06 03:00:00,2021-08,0,25.0,44.823624,0
2021-08-06 04:00:00,2021-08,0,23.0,44.561893,0
2021-08-06 05:00:00,2021-08,0,21.0,30.008799,0
2021-08-06 06:00:00,2021-08,0,25.0,37.443577,0
2021-08-06 07:00:00,2021-08,0,21.0,80.0364,0
2021-08-06 08:00:00,2021-08,0,21.0,63.07077,0
2021-08-06 09:00:00,2021-08,0,21.0,43.13525,0
2021-08-06 10:00:00,2021-08,0,25.0,35.492104,0
2021-08-06 11:00:00,2021-08,0,25.0,36.03821,0
2021-08-06 12:00:00,2021-08,0,24.0,31.681273,0
2021-08-06 13:00:00,2021-08,0,24.0,31.735868,0
2021-08-06 14:00:00,2021-08,0,27.0,32.587437,0
2021-08-06 15:00:00,2021-08,0,22.0,26.100182,0
2021-08-06 16:00:00,2021-08,0,22.0,26.574697,0
2021-08-06 17:00:00,2021-08,0,25.0,27.969477,0
2021-08-06 18:00:00,2021-08,0,22.0,25.476032,0
2021-08-06 19:00:00,2021-08,0,21.0,24.984022,0
2021-08-06 20:00:00,2021-08,0,21.0,18.580036,0
2021-08-06 21:00:00,2021-08,0,26.0,18.577085,0
2021-08-06 22:00:00,2021-08,0,21.0,25.094364,0
2021-08-06 23:00:00,2021-08,0,21.0,35.56127,0
2021-08-07 00:00:00,2021-08,0,24.0,49.811176,0
2021-08-07 01:00:00,2021-08,0,25.0,56.792133,0
2021-08-07 02:00:00,2021-08,0,21.0,44.501682,0
2021-08-07 03:00:00,2021-08,0,21.0,30.558624,0
2021-08-07 04:00:00,2021-08,0,21.0,24.100101,0
2021-08-07 05:00:00,2021-08,0,24.0,18.532537,0
2021-08-07 06:00:00,2021-08,0,21.0,31.825523,0
2021-08-07 07:00:00,2021-08,0,21.0,26.336315,0
2021-08-07 08:00:00,2021-08,0,25.0,12.019455,0
2021-08-07 09:00:00,2021-08,0,24.0,7.5501013,0
2021-08-07 10:00:00,2021-08,0,21.0,10.1584015,0
2021-08-07 11:00:00,2021-08,0,21.0,14.61772,0
2021-08-07 12:00:00,2021-08,0,26.0,16.787813,0
2021-08-07 13:00:00,2021-08,0,21.0,21.596945,0
2021-08-07 14:00:00,2021-08,0,21.0,21.707182,0
2021-08-07 15:00:00,2021-08,0,22.0,24.70231,0
2021-08-07 16:00:00,2021-08,0,25.0,22.32935,0
2021-08-07 17:00:00,2021-08,0,21.0,15.608623,0
2021-08-07 18:00:00,2021-08,0,21.0,15.127212,0
2021-08-07 19:00:00,2021-08,0,24.0,17.909122,0
2021-08-07 20:00:00,2021-08,0,26.0,26.220772,0
2021-08-07 21:00:00,2021-08,0,22.0,24.575827,0
2021-08-07 22:00:00,2021-08,0,21.0,24.021389,0
2021-08-07 23:00:00,2021-08,0,25.0,23.663082,0
2021-08-08 00:00:00,2021-08,0,21.0,31.564625,0
2021-08-08 01:00:00,2021-08,0,21.0,28.129803,0
2021-08-08 02:00:00,2021-08,0,21.0,24.397133,0
2021-08-08 03:00:00,2021-08,0,24.0,25.75757,0
2021-08-08 04:00:00,2021-08,0,21.0,24.753365,0
2021-08-08 05:00:00,2021-08,0,21.0,22.71173,0
2021-08-08 06:00:00,2021-08,0,23.0,28.924704,0
2021-08-08 07:00:00,2021-08,0,25.0,43.970722,0
2021-08-08 08:00:00,2021-08,0,21.0,43.637756,0
2021-08-08 09:00:00,2021-08,0,21.0,26.646746,0
2021-08-08 10:00:00,2021-08,0,25.0,27.487602,0
2021-08-08 11:00:00,2021-08,0,21.0,30.054148,0
2021-08-08 12:00:00,2021-08,0,21.0,27.284317,0
2021-08-08 13:00:00,2021-08,0,23.0,27.863926,0
2021-08-08 14:00:00,2021-08,0,25.0,28.895864,0
2021-08-08 15:00:00,2021-08,0,21.0,26.238272,0
2021-08-08 16:00:00,2021-08,0,21.0,25.432478,0
2021-08-08 17:00:00,2021-08,0,25.0,24.347027,0
2021-08-08 18:00:00,2021-08,0,24.0,27.960138,0
2021-08-08 19:00:00,2021-08,0,21.0,24.36022,0
2021-08-08 20:00:00,2021-08,0,22.0,22.600365,0
2021-08-08 21:00:00,2021-08,0,26.0,24.43773,0
2021-08-08 22:00:00,2021-08,0,22.0,29.804743,0
2021-08-08 23:00:00,2021-08,0,21.0,24.887419,0
2021-08-09 00:00:00,2021-08,0,21.0,32.568737,0
2021-08-09 01:00:00,2021-08,0,25.0,28.092936,0
2021-08-09 02:00:00,2021-08,0,21.0,24.014496,0
2021-08-09 03:00:00,2021-08,0,23.0,22.07642,0
2021-08-09 04:00:00,2021-08,0,22.0,25.661922,0
2021-08-09 05:00:00,2021-08,0,25.0,21.311125,0
2021-08-09 06:00:00,2021-08,0,20.0,40.402,0
2021-08-09 07:00:00,2021-08,0,112.0,94.41675,0
2021-08-09 08:00:00,2021-08,1,215.0,196.7502,1
2021-08-09 09:00:00,2021-08,1,197.0,192.75314,1
2021-08-09 10:00:00,2021-08,1,201.0,193.07358,1
2021-08-09 11:00:00,2021-08,1,192.0,191.83733,1
2021-08-09 12:00:00,2021-08,0,144.0,139.91296,0
2021-08-09 13:00:00,2021-08,1,200.0,187.31915,1
2021-08-09 14:00:00,2021-08,1,191.0,187.52101,1
2021-08-09 15:00:00,2021-08,1,183.0,177.01471,1
2021-08-09 16:00:00,2021-08,1,191.0,174.23169,1
2021-08-09 17:00:00,2021-08,0,169.0,173.39406,1
2021-08-09 18:00:00,2021-08,0,103.0,137.42484,0
2021-08-09 19:00:00,2021-08,0,95.0,113.22966,0
2021-08-09 20:00:00,2021-08,0,113.0,109.03435,0
2021-08-09 21:00:00,2021-08,0,119.0,115.99262,0
2021-08-09 22:00:00,2021-08,0,112.0,109.2172,0
2021-08-09 23:00:00,2021-08,0,108.0,102.89154,0
2021-08-10 00:00:00,2021-08,0,71.0,68.87548,0
2021-08-10 01:00:00,2021-08,0,104.0,107.11603,0
2021-08-10 02:00:00,2021-08,0,97.0,102.54714,0
2021-08-10 03:00:00,2021-08,0,104.0,106.340225,0
2021-08-10 04:00:00,2021-08,0,103.0,102.2194,0
2021-08-10 05:00:00,2021-08,0,99.0,105.69226,0
2021-08-10 06:00:00,2021-08,0,105.0,116.23329,0
2021-08-10 07:00:00,2021-08,0,138.0,149.21046,0
2021-08-10 08:00:00,2021-08,1,195.0,181.8006,1
2021-08-10 09:00:00,2021-08,1,193.0,183.58052,1
2021-08-10 10:00:00,2021-08,1,192.0,185.33977,1
2021-08-10 11:00:00,2021-08,1,191.0,188.70377,1
2021-08-10 12:00:00,2021-08,0,119.0,126.97602,0
2021-08-10 13:00:00,2021-08,1,190.0,177.39822,1
2021-08-10 14:00:00,2021-08,1,180.0,183.36203,1
2021-08-10 15:00:00,2021-08,1,181.0,172.12363,1
2021-08-10 16:00:00,2021-08,1,182.0,173.37978,1
2021-08-10 17:00:00,2021-08,0,156.0,158.65446,0
2021-08-10 18:00:00,2021-08,0,168.0,153.91206,0
2021-08-10 19:00:00,2021-08,0,163.0,161.57628,0
2021-08-10 20:00:00,2021-08,0,135.0,128.60045,0
2021-08-10 21:00:00,2021-08,0,127.0,127.47606,0
2021-08-10 22:00:00,2021-08,0,114.0,116.42479,0
2021-08-10 23:00:00,2021-08,0,109.0,106.065216,0
2021-08-11 00:00:00,2021-08,0,83.0,72.44535,0
2021-08-11 01:00:00,2021-08,0,108.0,105.951385,0
2021-08-11 02:00:00,2021-08,0,114.0,105.09291,0
2021-08-11 03:00:00,2021-08,0,113.0,115.59593,0
2021-08-11 04:00:00,2021-08,0,116.0,109.8258,0
2021-08-11 05:00:00,2021-08,0,105.0,114.24291,0
2021-08-11 06:00:00,2021-08,0,129.0,119.05372,0
2021-08-11 07:00:00,2021-08,0,150.0,159.32062,0
2021-08-11 08:00:00,2021-08,1,218.0,181.40997,1
2021-08-11 09:00:00,2021-08,1,189.0,193.70042,1
2021-08-11 10:00:00,2021-08,1,192.0,187.3511,1
2021-08-11 11:00:00,2021-08,1,192.0,185.6731,1
2021-08-11 12:00:00,2021-08,0,132.0,131.66885,0
2021-08-11 13:00:00,2021-08,1,205.0,181.01299,1
2021-08-11 14:00:00,2021-08,1,207.0,187.92876,1
2021-08-11 15:00:00,2021-08,0,177.0,181.15166,1
2021-08-11 16:00:00,2021-08,1,187.0,169.44406,1
2021-08-11 17:00:00,2021-08,0,177.0,170.80814,1
2021-08-11 18:00:00,2021-08,1,194.0,168.55585,0
2021-08-11 19:00:00,2021-08,0,163.0,163.79135,0
2021-08-11 20:00:00,2021-08,0,128.0,133.09387,0
2021-08-11 21:00:00,2021-08,0,115.0,116.89151,0
2021-08-11 22:00:00,2021-08,0,116.0,115.62123,0
2021-08-11 23:00:00,2021-08,0,109.0,102.05151,0
2021-08-12 00:00:00,2021-08,0,81.0,77.495705,0
2021-08-12 01:00:00,2021-08,0,115.0,102.89293,0
2021-08-12 02:00:00,2021-08,0,110.0,116.57147,0
2021-08-12 03:00:00,2021-08,0,110.0,110.91331,0
2021-08-12 04:00:00,2021-08,0,114.0,109.4964,0
2021-08-12 05:00:00,2021-08,0,103.0,104.53291,0
2021-08-12 06:00:00,2021-08,0,117.0,115.02745,0
2021-08-12 07:00:00,2021-08,0,149.0,153.52765,0
2021-08-12 08:00:00,2021-08,1,196.0,187.23094,1
2021-08-12 09:00:00,2021-08,1,189.0,187.45049,1
2021-08-12 10:00:00,2021-08,1,186.0,182.22249,1
2021-08-12 11:00:00,2021-08,1,199.0,182.29272,1
2021-08-12 12:00:00,2021-08,0,133.0,136.82423,0
2021-08-12 13:00:00,2021-08,1,191.0,181.23698,1
2021-08-12 14:00:00,2021-08,1,193.0,184.17389,1
2021-08-12 15:00:00,2021-08,1,197.0,188.73352,1
2021-08-12 16:00:00,2021-08,0,176.0,185.65817,1
2021-08-12 17:00:00,2021-08,0,160.0,159.02455,0
2021-08-12 18:00:00,2021-08,0,177.0,152.70422,0
2021-08-12 19:00:00,2021-08,1,182.0,158.6034,0
2021-08-12 20:00:00,2021-08,0,127.0,136.11461,0
2021-08-12 21:00:00,2021-08,0,114.0,119.04997,0
2021-08-12 22:00:00,2021-08,0,122.0,109.598656,0
2021-08-12 23:00:00,2021-08,0,118.0,115.6122,0
2021-08-13 00:00:00,2021-08,0,79.0,65.14535,0
2021-08-13 01:00:00,2021-08,0,105.0,111.30885,0
2021-08-13 02:00:00,2021-08,0,117.0,113.804,0
2021-08-13 03:00:00,2021-08,0,120.0,114.69473,0
2021-08-13 04:00:00,2021-08,0,116.0,113.85034,0
2021-08-13 05:00:00,2021-08,0,108.0,117.393326,0
2021-08-13 06:00:00,2021-08,0,116.0,115.7696,0
2021-08-13 07:00:00,2021-08,0,166.0,133.86554,0
2021-08-13 08:00:00,2021-08,1,207.0,191.56912,1
2021-08-13 09:00:00,2021-08,1,191.0,188.41821,1
2021-08-13 10:00:00,2021-08,1,201.0,189.65312,1
2021-08-13 11:00:00,2021-08,1,204.0,189.5798,1
2021-08-13 12:00:00,2021-08,0,134.0,138.44989,0
2021-08-13 13:00:00,2021-08,1,195.0,185.1958,1
2021-08-13 14:00:00,2021-08,1,200.0,183.81705,1
2021-08-13 15:00:00,2021-08,1,195.0,190.63611,1
2021-08-13 16:00:00,2021-08,1,186.0,186.96161,1
2021-08-13 17:00:00,2021-08,0,176.0,178.7392,1
2021-08-13 18:00:00,2021-08,0,177.0,168.91165,0
2021-08-13 19:00:00,2021-08,0,168.0,168.47481,0
2021-08-13 20:00:00,2021-08,0,125.0,117.32243,0
2021-08-13 21:00:00,2021-08,0,119.0,116.76746,0
2021-08-13 22:00:00,2021-08,0,118.0,116.811264,0
2021-08-13 23:00:00,2021-08,0,116.0,120.99531,0
2021-08-14 00:00:00,2021-08,0,67.0,56.933834,0
2021-08-14 01:00:00,2021-08,0,106.0,114.81365,0
2021-08-14 02:00:00,2021-08,0,108.0,114.978226,0
2021-08-14 03:00:00,2021-08,0,98.0,111.52821,0
2021-08-14 04:00:00,2021-08,0,100.0,114.2488,0
2021-08-14 05:00:00,2021-08,0,91.0,105.14459,0
2021-08-14 06:00:00,2021-08,0,91.0,101.791794,0
2021-08-14 07:00:00,2021-08,0,75.0,84.47861,0
2021-08-14 08:00:00,2021-08,0,26.0,32.491253,0
2021-08-14 09:00:00,2021-08,0,23.0,22.842619,0
2021-08-14 10:00:00,2021-08,0,21.0,28.115408,0
2021-08-14 11:00:00,2021-08,0,26.0,25.838366,0
2021-08-14 12:00:00,2021-08,0,23.0,25.507338,0
2021-08-14 13:00:00,2021-08,0,21.0,20.782524,0
2021-08-14 14:00:00,2021-08,0,22.0,26.981937,0
2021-08-14 15:00:00,2021-08,0,26.0,29.245378,0
2021-08-14 16:00:00,2021-08,0,22.0,32.00069,0
2021-08-14 17:00:00,2021-08,0,22.0,26.993328,0
2021-08-14 18:00:00,2021-08,0,24.0,21.312239,0
2021-08-14 19:00:00,2021-08,0,26.0,17.127676,0
2021-08-14 20:00:00,2021-08,0,22.0,19.998285,0
2021-08-14 21:00:00,2021-08,0,23.0,22.053713,0
2021-08-14 22:00:00,2021-08,0,25.0,23.56074,0
2021-08-14 23:00:00,2021-08,0,22.0,21.686657,0
2021-08-15 00:00:00,2021-08,0,22.0,24.201359,0
2021-08-15 01:00:00,2021-08,0,28.0,29.05386,0
2021-08-15 02:00:00,2021-08,0,24.0,32.289623,0
2021-08-15 03:00:00,2021-08,0,22.0,23.403605,0
2021-08-15 04:00:00,2021-08,0,22.0,24.139978,0
2021-08-15 05:00:00,2021-08,0,25.0,23.388313,0
2021-08-15 06:00:00,2021-08,0,22.0,29.912888,0
2021-08-15 07:00:00,2021-08,0,21.0,41.534267,0
2021-08-15 08:00:00,2021-08,0,26.0,41.02555,0
2021-08-15 09:00:00,2021-08,0,24.0,32.372967,0
2021-08-15 10:00:00,2021-08,0,21.0,25.600113,0
2021-08-15 11:00:00,2021-08,0,22.0,25.066517,0
2021-08-15 12:00:00,2021-08,0,26.0,28.565977,0
2021-08-15 13:00:00,2021-08,0,22.0,31.936422,0
2021-08-15 14:00:00,2021-08,0,22.0,29.80476,0
2021-08-15 15:00:00,2021-08,0,21.0,25.370226,0
2021-08-15 16:00:00,2021-08,0,25.0,25.724192,0
2021-08-15 17:00:00,2021-08,0,22.0,25.055178,0
2021-08-15 18:00:00,2021-08,0,21.0,25.380415,0
2021-08-15 19:00:00,2021-08,0,25.0,24.792019,0
2021-08-15 20:00:00,2021-08,0,22.0,25.475548,0
2021-08-15 21:00:00,2021-08,0,22.0,24.014297,0
2021-08-15 22:00:00,2021-08,0,24.0,23.862183,0
2021-08-15 23:00:00,2021-08,0,25.0,30.88579,0
2021-08-16 00:00:00,2021-08,0,22.0,34.28294,0
2021-08-16 01:00:00,2021-08,0,23.0,27.69106,0
2021-08-16 02:00:00,2021-08,0,26.0,23.711386,0
2021-08-16 03:00:00,2021-08,0,21.0,28.181322,0
2021-08-16 04:00:00,2021-08,0,22.0,21.01731,0
2021-08-16 05:00:00,2021-08,0,22.0,22.266005,0
2021-08-16 06:00:00,2021-08,0,26.0,41.46305,0
2021-08-16 07:00:00,2021-08,0,122.0,99.369576,0
2021-08-16 08:00:00,2021-08,1,183.0,202.60571,1
2021-08-16 09:00:00,2021-08,1,190.0,178.10966,1
2021-08-16 10:00:00,2021-08,0,157.0,178.06293,1
2021-08-16 11:00:00,2021-08,0,157.0,173.16164,1
2021-08-16 12:00:00,2021-08,0,107.0,117.14865,0
2021-08-16 13:00:00,2021-08,0,157.0,146.49211,0
2021-08-16 14:00:00,2021-08,0,153.0,164.20874,0
2021-08-16 15:00:00,2021-08,0,146.0,154.2748,0
2021-08-16 16:00:00,2021-08,0,125.0,148.94168,0
2021-08-16 17:00:00,2021-08,0,105.0,125.10433,0
2021-08-16 18:00:00,2021-08,0,94.0,120.39822,0
2021-08-16 19:00:00,2021-08,0,95.0,103.139,0
2021-08-16 20:00:00,2021-08,0,102.0,97.81922,0
2021-08-16 21:00:00,2021-08,0,116.0,104.0047,0
2021-08-16 22:00:00,2021-08,0,102.0,97.36585,0
2021-08-16 23:00:00,2021-08,0,102.0,90.44885,0
2021-08-17 00:00:00,2021-08,0,71.0,66.44015,0
2021-08-17 01:00:00,2021-08,0,100.0,96.1337,0
2021-08-17 02:00:00,2021-08,0,101.0,97.934875,0
2021-08-17 03:00:00,2021-08,0,99.0,95.43841,0
2021-08-17 04:00:00,2021-08,0,98.0,92.23877,0
2021-08-17 05:00:00,2021-08,0,103.0,96.462425,0
2021-08-17 06:00:00,2021-08,0,96.0,111.96828,0
2021-08-17 07:00:00,2021-08,0,146.0,143.97186,0
2021-08-17 08:00:00,2021-08,0,171.0,184.46313,1
2021-08-17 09:00:00,2021-08,0,170.0,168.99927,0
2021-08-17 10:00:00,2021-08,0,165.0,170.80972,1
2021-08-17 11:00:00,2021-08,0,173.0,168.13428,0
2021-08-17 12:00:00,2021-08,0,134.0,116.90454,0
2021-08-17 13:00:00,2021-08,0,164.0,175.1137,1
2021-08-17 14:00:00,2021-08,0,164.0,167.80064,0
2021-08-17 15:00:00,2021-08,0,168.0,162.86302,0
2021-08-17 16:00:00,2021-08,0,158.0,166.32706,0
2021-08-17 17:00:00,2021-08,0,135.0,149.59955,0
2021-08-17 18:00:00,2021-08,0,158.0,133.852,0
2021-08-17 19:00:00,2021-08,0,143.0,149.02977,0
2021-08-17 20:00:00,2021-08,0,128.0,121.63334,0
2021-08-17 21:00:00,2021-08,0,121.0,111.57364,0
2021-08-17 22:00:00,2021-08,0,118.0,108.955956,0
2021-08-17 23:00:00,2021-08,0,118.0,114.74029,0
2021-08-18 00:00:00,2021-08,0,66.0,67.73434,0
2021-08-18 01:00:00,2021-08,0,105.0,110.458984,0
2021-08-18 02:00:00,2021-08,0,105.0,111.220215,0
2021-08-18 03:00:00,2021-08,0,101.0,109.640656,0
2021-08-18 04:00:00,2021-08,0,99.0,104.9259,0
2021-08-18 05:00:00,2021-08,0,98.0,101.33012,0
2021-08-18 06:00:00,2021-08,0,107.0,110.276375,0
2021-08-18 07:00:00,2021-08,0,146.0,148.43085,0
2021-08-18 08:00:00,2021-08,0,174.0,177.20059,1
2021-08-18 09:00:00,2021-08,0,172.0,173.00922,1
2021-08-18 10:00:00,2021-08,0,176.0,171.60936,1
2021-08-18 11:00:00,2021-08,1,183.0,175.57736,1
2021-08-18 12:00:00,2021-08,0,120.0,119.38121,0
2021-08-18 13:00:00,2021-08,0,177.0,174.47183,1
2021-08-18 14:00:00,2021-08,1,185.0,171.7383,1
2021-08-18 15:00:00,2021-08,1,184.0,173.22379,1
2021-08-18 16:00:00,2021-08,1,188.0,171.13307,1
2021-08-18 17:00:00,2021-08,1,186.0,147.49225,0
2021-08-18 18:00:00,2021-08,0,174.0,171.93774,1
2021-08-18 19:00:00,2021-08,0,158.0,139.15216,0
2021-08-18 20:00:00,2021-08,0,124.0,125.08715,0
2021-08-18 21:00:00,2021-08,0,123.0,117.94362,0
2021-08-18 22:00:00,2021-08,0,125.0,118.657936,0
2021-08-18 23:00:00,2021-08,0,112.0,96.41888,0
2021-08-19 00:00:00,2021-08,0,77.0,86.84857,0
2021-08-19 01:00:00,2021-08,0,114.0,101.56214,0
2021-08-19 02:00:00,2021-08,0,116.0,116.127266,0
2021-08-19 03:00:00,2021-08,0,119.0,116.30131,0
2021-08-19 04:00:00,2021-08,0,108.0,111.8437,0
2021-08-19 05:00:00,2021-08,0,106.0,106.05768,0
2021-08-19 06:00:00,2021-08,0,119.0,114.005615,0
2021-08-19 07:00:00,2021-08,0,143.0,142.7775,0
2021-08-19 08:00:00,2021-08,1,185.0,182.81743,1
2021-08-19 09:00:00,2021-08,1,182.0,171.63597,1
2021-08-19 10:00:00,2021-08,0,177.0,179.65207,1
2021-08-19 11:00:00,2021-08,1,188.0,179.55782,1
2021-08-19 12:00:00,2021-08,0,120.0,125.667946,0
2021-08-19 13:00:00,2021-08,0,172.0,178.54283,1
2021-08-19 14:00:00,2021-08,1,184.0,175.81223,1
2021-08-19 15:00:00,2021-08,1,185.0,182.5345,1
2021-08-19 16:00:00,2021-08,0,171.0,173.61978,1
2021-08-19 17:00:00,2021-08,0,155.0,156.87254,0
2021-08-19 18:00:00,2021-08,0,161.0,149.76294,0
2021-08-19 19:00:00,2021-08,0,153.0,147.05919,0
2021-08-19 20:00:00,2021-08,0,134.0,130.04945,0
2021-08-19 21:00:00,2021-08,0,123.0,118.34463,0
2021-08-19 22:00:00,2021-08,0,125.0,118.85377,0
2021-08-19 23:00:00,2021-08,0,117.0,102.09534,0
2021-08-20 00:00:00,2021-08,0,80.0,74.989876,0
2021-08-20 01:00:00,2021-08,0,109.0,109.38323,0
2021-08-20 02:00:00,2021-08,0,110.0,106.54874,0
2021-08-20 03:00:00,2021-08,0,107.0,111.28785,0
2021-08-20 04:00:00,2021-08,0,106.0,111.744995,0
2021-08-20 05:00:00,2021-08,0,104.0,111.04462,0
2021-08-20 06:00:00,2021-08,0,115.0,117.331726,0
2021-08-20 07:00:00,2021-08,0,146.0,140.71849,0
2021-08-20 08:00:00,2021-08,1,179.0,176.05319,1
2021-08-20 09:00:00,2021-08,0,175.0,170.531,1
2021-08-20 10:00:00,2021-08,0,168.0,180.94534,1
2021-08-20 11:00:00,2021-08,1,193.0,172.16196,1
2021-08-20 12:00:00,2021-08,0,134.0,127.37793,0
2021-08-20 13:00:00,2021-08,1,180.0,171.34334,1
2021-08-20 14:00:00,2021-08,1,184.0,172.31447,1
2021-08-20 15:00:00,2021-08,0,176.0,175.22984,1
2021-08-20 16:00:00,2021-08,0,177.0,164.64496,0
2021-08-20 17:00:00,2021-08,0,164.0,163.46582,0
2021-08-20 18:00:00,2021-08,0,158.0,157.24808,0
2021-08-20 19:00:00,2021-08,0,146.0,149.03181,0
2021-08-20 20:00:00,2021-08,0,125.0,107.94224,0
2021-08-20 21:00:00,2021-08,0,121.0,109.810265,0
2021-08-20 22:00:00,2021-08,0,113.0,114.248604,0
2021-08-20 23:00:00,2021-08,0,106.0,111.19656,0
2021-08-21 00:00:00,2021-08,0,64.0,66.52471,0
2021-08-21 01:00:00,2021-08,0,99.0,111.791565,0
2021-08-21 02:00:00,2021-08,0,109.0,109.40258,0
2021-08-21 03:00:00,2021-08,0,102.0,112.83708,0
2021-08-21 04:00:00,2021-08,0,107.0,112.75651,0
2021-08-21 05:00:00,2021-08,0,110.0,106.99107,0
2021-08-21 06:00:00,2021-08,0,103.0,122.343254,0
2021-08-21 07:00:00,2021-08,0,94.0,95.58627,0
2021-08-21 08:00:00,2021-08,0,26.0,34.300392,0
2021-08-21 09:00:00,2021-08,0,21.0,34.60016,0
2021-08-21 10:00:00,2021-08,0,22.0,32.9791,0
2021-08-21 11:00:00,2021-08,0,26.0,31.632845,0
2021-08-21 12:00:00,2021-08,0,22.0,28.71492,0
2021-08-21 13:00:00,2021-08,0,21.0,27.047176,0
2021-08-21 14:00:00,2021-08,0,26.0,30.337984,0
2021-08-21 15:00:00,2021-08,0,23.0,32.47602,0
2021-08-21 16:00:00,2021-08,0,22.0,29.202566,0
2021-08-21 17:00:00,2021-08,0,22.0,26.56977,0
2021-08-21 18:00:00,2021-08,0,27.0,25.991995,0
2021-08-21 19:00:00,2021-08,0,21.0,24.519283,0
2021-08-21 20:00:00,2021-08,0,22.0,22.911434,0
2021-08-21 21:00:00,2021-08,0,23.0,23.539948,0
2021-08-21 22:00:00,2021-08,0,27.0,23.991163,0
2021-08-21 23:00:00,2021-08,0,23.0,23.648428,0
2021-08-22 00:00:00,2021-08,0,23.0,25.61263,0
2021-08-22 01:00:00,2021-08,0,26.0,29.488977,0
2021-08-22 02:00:00,2021-08,0,27.0,29.386852,0
2021-08-22 03:00:00,2021-08,0,24.0,27.659443,0
2021-08-22 04:00:00,2021-08,0,22.0,22.95606,0
2021-08-22 05:00:00,2021-08,0,26.0,23.138987,0
2021-08-22 06:00:00,2021-08,0,22.0,35.710876,0
2021-08-22 07:00:00,2021-08,0,22.0,42.85087,0
2021-08-22 08:00:00,2021-08,0,22.0,41.794403,0
2021-08-22 09:00:00,2021-08,0,27.0,26.036549,0
2021-08-22 10:00:00,2021-08,0,22.0,27.56746,0
2021-08-22 11:00:00,2021-08,0,23.0,25.411144,0
2021-08-22 12:00:00,2021-08,0,24.0,27.30886,0
2021-08-22 13:00:00,2021-08,0,26.0,31.412552,0
2021-08-22 14:00:00,2021-08,0,23.0,30.1639,0
2021-08-22 15:00:00,2021-08,0,23.0,27.783855,0
2021-08-22 16:00:00,2021-08,0,27.0,28.255411,0
2021-08-22 17:00:00,2021-08,0,22.0,27.85165,0
2021-08-22 18:00:00,2021-08,0,22.0,25.774826,0
2021-08-22 19:00:00,2021-08,0,22.0,25.9267,0
2021-08-22 20:00:00,2021-08,0,26.0,23.753485,0
2021-08-22 21:00:00,2021-08,0,23.0,24.874065,0
2021-08-22 22:00:00,2021-08,0,24.0,24.185135,0
2021-08-22 23:00:00,2021-08,0,26.0,27.679394,0
2021-08-23 00:00:00,2021-08,0,25.0,39.525818,0
2021-08-23 01:00:00,2021-08,0,23.0,28.976658,0
2021-08-23 02:00:00,2021-08,0,23.0,26.22852,0
2021-08-23 03:00:00,2021-08,0,27.0,27.010527,0
2021-08-23 04:00:00,2021-08,0,22.0,24.061646,0
2021-08-23 05:00:00,2021-08,0,22.0,21.854527,0
2021-08-23 06:00:00,2021-08,0,22.0,40.304867,0
2021-08-23 07:00:00,2021-08,0,92.0,97.21896,0
2021-08-23 08:00:00,2021-08,1,181.0,183.76929,1
2021-08-23 09:00:00,2021-08,1,187.0,177.721,1
2021-08-23 10:00:00,2021-08,1,182.0,181.62071,1
2021-08-23 11:00:00,2021-08,1,191.0,183.7491,1
2021-08-23 12:00:00,2021-08,0,136.0,132.85806,0
2021-08-23 13:00:00,2021-08,1,193.0,182.27065,1
2021-08-23 14:00:00,2021-08,1,190.0,183.62645,1
2021-08-23 15:00:00,2021-08,1,196.0,180.5796,1
2021-08-23 16:00:00,2021-08,0,177.0,178.12486,1
2021-08-23 17:00:00,2021-08,0,177.0,164.89731,0
2021-08-23 18:00:00,2021-08,1,179.0,171.97792,1
2021-08-23 19:00:00,2021-08,0,137.0,143.1917,0
2021-08-23 20:00:00,2021-08,0,118.0,121.42034,0
2021-08-23 21:00:00,2021-08,0,117.0,117.478264,0
2021-08-23 22:00:00,2021-08,0,113.0,109.504684,0
2021-08-23 23:00:00,2021-08,0,107.0,110.896545,0
2021-08-24 00:00:00,2021-08,0,67.0,70.78049,0
2021-08-24 01:00:00,2021-08,0,111.0,106.32338,0
2021-08-24 02:00:00,2021-08,0,115.0,112.67336,0
2021-08-24 03:00:00,2021-08,0,115.0,111.01312,0
2021-08-24 04:00:00,2021-08,0,113.0,108.742744,0
2021-08-24 05:00:00,2021-08,0,106.0,106.74824,0
2021-08-24 06:00:00,2021-08,0,115.0,119.01896,0
2021-08-24 07:00:00,2021-08,0,145.0,155.91583,0
2021-08-24 08:00:00,2021-08,1,196.0,184.28029,1
2021-08-24 09:00:00,2021-08,1,190.0,188.75122,1
2021-08-24 10:00:00,2021-08,1,181.0,181.67375,1
2021-08-24 11:00:00,2021-08,1,188.0,180.16324,1
2021-08-24 12:00:00,2021-08,0,130.0,130.03432,0
2021-08-24 13:00:00,2021-08,1,180.0,183.89902,1
2021-08-24 14:00:00,2021-08,1,190.0,181.38101,1
2021-08-24 15:00:00,2021-08,1,201.0,183.41653,1
2021-08-24 16:00:00,2021-08,1,191.0,184.83295,1
2021-08-24 17:00:00,2021-08,0,157.0,167.32805,0
2021-08-24 18:00:00,2021-08,0,156.0,161.22238,0
2021-08-24 19:00:00,2021-08,0,164.0,155.86487,0
2021-08-24 20:00:00,2021-08,0,125.0,135.09222,0
2021-08-24 21:00:00,2021-08,0,123.0,123.34929,0
2021-08-24 22:00:00,2021-08,0,120.0,114.14783,0
2021-08-24 23:00:00,2021-08,0,107.0,104.55399,0
2021-08-25 00:00:00,2021-08,0,81.0,76.590034,0
2021-08-25 01:00:00,2021-08,0,111.0,107.36657,0
2021-08-25 02:00:00,2021-08,0,115.0,116.04273,0
2021-08-25 03:00:00,2021-08,0,106.0,116.6291,0
2021-08-25 04:00:00,2021-08,0,110.0,111.72804,0
2021-08-25 05:00:00,2021-08,0,107.0,110.39905,0
2021-08-25 06:00:00,2021-08,0,108.0,118.461876,0
2021-08-25 07:00:00,2021-08,0,162.0,146.48567,0
2021-08-25 08:00:00,2021-08,1,182.0,185.0843,1
2021-08-25 09:00:00,2021-08,1,181.0,176.8899,1
2021-08-25 10:00:00,2021-08,1,189.0,181.54153,1
2021-08-25 11:00:00,2021-08,1,184.0,179.44594,1
2021-08-25 12:00:00,2021-08,0,121.0,128.26424,0
2021-08-25 13:00:00,2021-08,1,180.0,177.86588,1
2021-08-25 14:00:00,2021-08,1,184.0,178.50853,1
2021-08-25 15:00:00,2021-08,1,180.0,176.19278,1
2021-08-25 16:00:00,2021-08,0,172.0,172.02354,1
2021-08-25 17:00:00,2021-08,0,176.0,152.60434,0
2021-08-25 18:00:00,2021-08,0,172.0,160.35574,0
2021-08-25 19:00:00,2021-08,0,152.0,148.78746,0
2021-08-25 20:00:00,2021-08,0,124.0,118.52705,0
2021-08-25 21:00:00,2021-08,0,131.0,121.81427,0
2021-08-25 22:00:00,2021-08,0,114.0,112.77777,0
2021-08-25 23:00:00,2021-08,0,119.0,111.42028,0
2021-08-26 00:00:00,2021-08,0,73.0,71.530266,0
2021-08-26 01:00:00,2021-08,0,110.0,110.22854,0
2021-08-26 02:00:00,2021-08,0,118.0,111.47244,0
2021-08-26 03:00:00,2021-08,0,104.0,118.34335,0
2021-08-26 04:00:00,2021-08,0,115.0,109.39655,0
2021-08-26 05:00:00,2021-08,0,108.0,105.99474,0
2021-08-26 06:00:00,2021-08,0,111.0,116.804344,0
2021-08-26 07:00:00,2021-08,0,147.0,150.63547,0
2021-08-26 08:00:00,2021-08,1,196.0,188.64056,1
2021-08-26 09:00:00,2021-08,1,199.0,184.73668,1
2021-08-26 10:00:00,2021-08,1,193.0,190.3999,1
2021-08-26 11:00:00,2021-08,1,194.0,192.28137,1
2021-08-26 12:00:00,2021-08,0,127.0,137.56886,0
2021-08-26 13:00:00,2021-08,1,199.0,190.77939,1
2021-08-26 14:00:00,2021-08,1,190.0,188.00713,1
2021-08-26 15:00:00,2021-08,1,202.0,188.12064,1
2021-08-26 16:00:00,2021-08,1,186.0,191.95815,1
2021-08-26 17:00:00,2021-08,0,161.0,162.41003,0
2021-08-26 18:00:00,2021-08,0,167.0,158.19115,0
2021-08-26 19:00:00,2021-08,0,170.0,158.61682,0
2021-08-26 20:00:00,2021-08,0,121.0,129.58351,0
2021-08-26 21:00:00,2021-08,0,128.0,116.49185,0
2021-08-26 22:00:00,2021-08,0,116.0,117.34155,0
2021-08-26 23:00:00,2021-08,0,113.0,106.1026,0
2021-08-27 00:00:00,2021-08,0,77.0,71.20536,0
2021-08-27 01:00:00,2021-08,0,111.0,109.05415,0
2021-08-27 02:00:00,2021-08,0,115.0,111.257065,0
2021-08-27 03:00:00,2021-08,0,114.0,114.45969,0
2021-08-27 04:00:00,2021-08,0,112.0,115.03687,0
2021-08-27 05:00:00,2021-08,0,104.0,110.533646,0
2021-08-27 06:00:00,2021-08,0,103.0,114.53206,0
2021-08-27 07:00:00,2021-08,0,135.0,133.87196,0
2021-08-27 08:00:00,2021-08,1,190.0,176.63947,1
2021-08-27 09:00:00,2021-08,1,185.0,173.8265,1
2021-08-27 10:00:00,2021-08,0,177.0,176.18404,1
2021-08-27 11:00:00,2021-08,1,182.0,174.54626,1
2021-08-27 12:00:00,2021-08,0,125.0,126.76236,0
2021-08-27 13:00:00,2021-08,1,179.0,177.30168,1
2021-08-27 14:00:00,2021-08,0,169.0,174.72682,1
2021-08-27 15:00:00,2021-08,0,175.0,165.78201,0
2021-08-27 16:00:00,2021-08,0,161.0,161.36742,0
2021-08-27 17:00:00,2021-08,0,163.0,155.79683,0
2021-08-27 18:00:00,2021-08,0,157.0,157.0911,0
2021-08-27 19:00:00,2021-08,0,138.0,127.66674,0
2021-08-27 20:00:00,2021-08,0,111.0,107.49277,0
2021-08-27 21:00:00,2021-08,0,115.0,105.62431,0
2021-08-27 22:00:00,2021-08,0,105.0,101.12519,0
2021-08-27 23:00:00,2021-08,0,113.0,108.05662,0
2021-08-28 00:00:00,2021-08,0,75.0,63.68304,0
2021-08-28 01:00:00,2021-08,0,111.0,110.01824,0
2021-08-28 02:00:00,2021-08,0,119.0,108.09094,0
2021-08-28 03:00:00,2021-08,0,109.0,103.855705,0
2021-08-28 04:00:00,2021-08,0,107.0,112.830475,0
2021-08-28 05:00:00,2021-08,0,107.0,102.78639,0
2021-08-28 06:00:00,2021-08,0,103.0,117.688416,0
2021-08-28 07:00:00,2021-08,0,94.0,100.793045,0
2021-08-28 08:00:00,2021-08,0,36.0,46.57776,0
2021-08-28 09:00:00,2021-08,0,36.0,42.804054,0
2021-08-28 10:00:00,2021-08,0,41.0,41.72704,0
2021-08-28 11:00:00,2021-08,0,39.0,43.36696,0
2021-08-28 12:00:00,2021-08,0,38.0,36.52494,0
2021-08-28 13:00:00,2021-08,0,41.0,36.46277,0
2021-08-28 14:00:00,2021-08,0,41.0,48.68642,0
2021-08-28 15:00:00,2021-08,0,38.0,65.00824,0
2021-08-28 16:00:00,2021-08,0,52.0,64.99479,0
2021-08-28 17:00:00,2021-08,0,47.0,58.673286,0
2021-08-28 18:00:00,2021-08,0,0.0,0.37741762,0
2021-08-28 19:00:00,2021-08,0,0.0,0.7229636,0
2021-08-28 20:00:00,2021-08,0,0.0,11.36355,0
2021-08-28 21:00:00,2021-08,0,0.0,13.26886,0
2021-08-28 22:00:00,2021-08,0,0.0,7.943525,0
2021-08-28 23:00:00,2021-08,0,0.0,5.21057,0
2021-08-29 00:00:00,2021-08,0,0.0,4.7281337,0
2021-08-29 01:00:00,2021-08,0,0.0,-5.2597165,0
2021-08-29 02:00:00,2021-08,0,0.0,-14.781744,0
2021-08-29 03:00:00,2021-08,0,0.0,-17.871376,0
2021-08-29 04:00:00,2021-08,0,0.0,-21.087742,0
2021-08-29 05:00:00,2021-08,0,0.0,-20.29148,0
2021-08-29 06:00:00,2021-08,0,0.0,-4.6494846,0
2021-08-29 07:00:00,2021-08,0,0.0,20.568777,0
2021-08-29 08:00:00,2021-08,0,0.0,22.294678,0
2021-08-29 09:00:00,2021-08,0,0.0,14.904007,0
2021-08-29 10:00:00,2021-08,0,0.0,15.190409,0
2021-08-29 11:00:00,2021-08,0,41.0,13.808367,0
2021-08-29 12:00:00,2021-08,0,23.0,36.223263,0
2021-08-29 13:00:00,2021-08,0,19.0,18.827753,0
2021-08-29 14:00:00,2021-08,0,22.0,21.245762,0
2021-08-29 15:00:00,2021-08,0,21.0,22.057743,0
2021-08-29 16:00:00,2021-08,0,23.0,26.546858,0
2021-08-29 17:00:00,2021-08,0,26.0,25.773647,0
2021-08-29 18:00:00,2021-08,0,25.0,30.301018,0
2021-08-29 19:00:00,2021-08,0,21.0,26.135456,0
2021-08-29 20:00:00,2021-08,0,20.0,23.056198,0
2021-08-29 21:00:00,2021-08,0,21.0,24.806484,0
2021-08-29 22:00:00,2021-08,0,24.0,24.839102,0
2021-08-29 23:00:00,2021-08,0,21.0,26.694906,0
2021-08-30 00:00:00,2021-08,0,20.0,31.600012,0
2021-08-30 01:00:00,2021-08,0,23.0,27.202026,0
2021-08-30 02:00:00,2021-08,0,24.0,27.212597,0
2021-08-30 03:00:00,2021-08,0,21.0,23.579668,0
2021-08-30 04:00:00,2021-08,0,20.0,19.731386,0
2021-08-30 05:00:00,2021-08,0,20.0,19.835901,0
2021-08-30 06:00:00,2021-08,0,24.0,39.158688,0
2021-08-30 07:00:00,2021-08,0,80.0,98.55308,0
2021-08-30 08:00:00,2021-08,1,183.0,176.76067,1
2021-08-30 09:00:00,2021-08,1,180.0,181.23468,1
2021-08-30 10:00:00,2021-08,1,186.0,176.19595,1
2021-08-30 11:00:00,2021-08,1,180.0,174.43747,1
2021-08-30 12:00:00,2021-08,0,134.0,134.52948,0
2021-08-30 13:00:00,2021-08,0,177.0,178.66814,1
2021-08-30 14:00:00,2021-08,0,174.0,173.62599,1
2021-08-30 15:00:00,2021-08,0,177.0,170.5491,1
2021-08-30 16:00:00,2021-08,0,174.0,166.74591,0
2021-08-30 17:00:00,2021-08,0,172.0,162.73387,0
2021-08-30 18:00:00,2021-08,0,172.0,165.21063,0
2021-08-30 19:00:00,2021-08,0,162.0,162.8166,0
2021-08-30 20:00:00,2021-08,0,132.0,124.51101,0
2021-08-30 21:00:00,2021-08,0,135.0,126.79088,0
2021-08-30 22:00:00,2021-08,0,123.0,119.31323,0
2021-08-30 23:00:00,2021-08,0,115.0,118.28251,0
2021-08-31 00:00:00,2021-08,0,76.0,76.58784,0
2021-08-31 01:00:00,2021-08,0,111.0,109.746185,0
2021-08-31 02:00:00,2021-08,0,114.0,113.218094,0
2021-08-31 03:00:00,2021-08,0,107.0,107.64497,0
2021-08-31 04:00:00,2021-08,0,114.0,111.57419,0
2021-08-31 05:00:00,2021-08,0,114.0,108.77333,0
2021-08-31 06:00:00,2021-08,0,114.0,124.56239,0
2021-08-31 07:00:00,2021-08,0,144.0,154.0141,0
2021-08-31 08:00:00,2021-08,0,177.0,183.98073,1
2021-08-31 09:00:00,2021-08,1,185.0,170.63092,1
2021-08-31 10:00:00,2021-08,1,187.0,178.98769,1
2021-08-31 11:00:00,2021-08,1,182.0,176.37737,1
2021-08-31 12:00:00,2021-08,0,135.0,126.8353,0
2021-08-31 13:00:00,2021-08,1,184.0,185.61008,1
2021-08-31 14:00:00,2021-08,1,187.0,173.26682,1
2021-08-31 15:00:00,2021-08,0,170.0,180.33826,1
2021-08-31 16:00:00,2021-08,1,180.0,170.16293,1
2021-08-31 17:00:00,2021-08,0,139.0,156.493,0
2021-08-31 18:00:00,2021-08,0,162.0,143.82538,0
2021-08-31 19:00:00,2021-08,0,154.0,151.55116,0
2021-08-31 20:00:00,2021-08,0,152.0,140.39166,0
2021-08-31 21:00:00,2021-08,0,132.0,130.8794,0
2021-08-31 22:00:00,2021-08,0,127.0,122.70866,0
2021-08-31 23:00:00,2021-08,0,128.0,104.63219,0
