margin,cv_F1,cv_recall,cv_precision
0.0,0.65,0.5458015267175572,0.8033707865168539
0.5,0.6711409395973155,0.5725190839694656,0.8108108108108109
1.0,0.6929824561403509,0.6030534351145038,0.8144329896907216
1.5,0.7041036717062635,0.6221374045801527,0.8109452736318408
2.0,0.7148936170212766,0.6412213740458015,0.8076923076923077
2.5,0.7253668763102725,0.6603053435114504,0.8046511627906977
3.0,0.7287784679089027,0.6717557251908397,0.7963800904977375
3.5,0.7258064516129032,0.6870229007633588,0.7692307692307693
4.0,0.7391304347826086,0.7137404580152672,0.7663934426229508
4.5,0.7436399217221135,0.7251908396946565,0.7630522088353414
5.0,0.7552986512524085,0.7480916030534351,0.7626459143968871
5.5,0.7586206896551724,0.7557251908396947,0.7615384615384615
6.0,0.7651515151515151,0.7709923664122137,0.7593984962406015
6.5,0.774074074074074,0.7977099236641222,0.7517985611510791
7.0,0.7771639042357275,0.8053435114503816,0.7508896797153025
7.5,0.7803992740471869,0.8206106870229007,0.7439446366782007
8.0,0.7843137254901961,0.8396946564885496,0.7357859531772575
8.5,0.7843137254901961,0.8396946564885496,0.7357859531772575
9.0,0.7838312829525483,0.851145038167939,0.7263843648208469
9.5,0.7810858143607706,0.851145038167939,0.7216828478964401
10.0,0.7791304347826087,0.8549618320610687,0.7156549520766773
10.5,0.7785467128027682,0.8587786259541985,0.7120253164556962
11.0,0.7815699658703071,0.8740458015267175,0.7067901234567902
11.5,0.7804054054054054,0.8816793893129771,0.7
12.0,0.7764705882352941,0.8816793893129771,0.6936936936936937
12.5,0.7761194029850746,0.8931297709923665,0.6862170087976539
13.0,0.7687296416938111,0.9007633587786259,0.6704545454545454
13.5,0.7665056360708534,0.9083969465648855,0.6629526462395543
14.0,0.7640449438202247,0.9083969465648855,0.6592797783933518
14.5,0.7619047619047619,0.916030534351145,0.6521739130434783
15.0,0.7586206896551724,0.9236641221374046,0.6436170212765957
