max_depth,learning_rate,min_child_weight,use_spw,cv_PR-AUC,cv_ROC-AUC,cv_F1,cv_threshold,fold_PR-AUC,best_iter
3,0.03,5,False,0.8990227859917677,0.9756436953219131,0.8156424581005587,0.3,0.8948 / 0.9142,243
4,0.03,5,False,0.8982654512299848,0.9749954162082876,0.8153564899451554,0.25,0.8976 / 0.9123,216
3,0.1,5,False,0.8948856093069201,0.9763738278589764,0.8208955223880597,0.3,0.8935 / 0.9151,135
3,0.03,1,False,0.8921481735206784,0.973950966525224,0.8156424581005587,0.3,0.8893 / 0.9095,252
3,0.1,1,False,0.8882656448617877,0.9736333752422861,0.8202247191011236,0.3,0.8816 / 0.9100,59
4,0.1,5,False,0.8848233876568738,0.9733878149719734,0.8062015503875969,0.35,0.8865 / 0.8989,87
6,0.1,5,False,0.8841847815453763,0.9743389517523181,0.8209255533199196,0.35,0.8940 / 0.9137,40
4,0.1,5,True,0.8798146713031643,0.9683161768557808,0.7928994082840237,0.65,0.8736 / 0.9141,106
4,0.03,1,False,0.878136860399936,0.9694915920163445,0.7964285714285714,0.2,0.8727 / 0.9041,182
6,0.1,5,True,0.875362545918293,0.9652974225994028,0.7985212569316081,0.45,0.8677 / 0.9096,95
4,0.1,1,False,0.870582592393486,0.9639452040442139,0.8038461538461539,0.3,0.8699 / 0.8998,73
3,0.03,5,True,0.8664506465241291,0.9690004714757191,0.7895716945996276,0.65,0.8564 / 0.9050,253
6,0.03,1,False,0.8655744379932092,0.9561462098590813,0.8023255813953488,0.25,0.8685 / 0.9027,245
3,0.03,1,True,0.8607254584626762,0.9703821572633453,0.7937743190661478,0.8,0.8452 / 0.9114,177
6,0.03,5,False,0.8565028715383954,0.971069726020221,0.8174904942965779,0.25,0.8881 / 0.9170,92
6,0.1,1,False,0.856061832526884,0.9570662423385196,0.7970749542961609,0.2,0.8560 / 0.8983,52
3,0.1,1,True,0.8517409215962288,0.9706342658075332,0.8066914498141264,0.7,0.8588 / 0.9036,52
3,0.1,5,True,0.8470317157718165,0.9689055215045315,0.809437386569873,0.7,0.8618 / 0.9052,32
4,0.1,1,True,0.8458357151740622,0.9480787364450732,0.7615526802218114,0.5,0.8508 / 0.9035,110
6,0.1,1,True,0.8393917454518677,0.962976059510713,0.8021390374331551,0.5,0.8460 / 0.9045,28
6,0.03,1,True,0.8379807198246524,0.9620904054691182,0.8014311270125224,0.5,0.8700 / 0.9086,126
6,0.03,5,True,0.8322258084977445,0.9601030043480538,0.8057040998217468,0.5,0.8540 / 0.9203,134
4,0.03,1,True,0.8256109954393642,0.9609853842527111,0.7965811965811965,0.5,0.8683 / 0.9077,139
4,0.03,5,True,0.8181354425376204,0.9603862171931479,0.7954545454545454,0.6,0.8740 / 0.9093,96
