Model,threshold,Accuracy,Precision,Recall,F1,ROC-AUC,PR-AUC,TP,FP,FN,TN,method,cv_PR-AUC,cv_F1,F1_95%CI
persistence,179.0,0.8452380952380952,0.4468085106382978,0.4468085106382978,0.4468085106382978,0.8622542884487963,0.5294814526548394,21,26,26,263,lag_1 >= 179,,,"[0.195, 0.605]"
persistence_lag168,179.0,0.8958333333333334,0.6111111111111112,0.7021276595744681,0.6534653465346535,0.9327100051535008,0.5614641396771357,33,21,14,268,lag_168 >= 179,,,"[0.515, 0.768]"
random_forest,0.55,0.9047619047619048,0.6056338028169014,0.9148936170212766,0.7288135593220338,0.959360965913274,0.7668664169519216,43,28,4,261,"{'max_depth': None, 'min_samples_leaf': 10, 'max_features': 'sqrt', 'class_weight': 'balanced_subsample'}, calendar=int+cyclic",0.8919883902136817,0.8211678832116789,"[0.584, 0.830]"
xgboost,0.3,0.9017857142857144,0.6129032258064516,0.8085106382978723,0.6972477064220184,0.9550909224766252,0.7230169570366047,38,24,9,265,"{'max_depth': 3, 'learning_rate': 0.1, 'min_child_weight': 5, 'use_spw': False}, n_estimators=169",0.8948856093069201,0.8208955223880597,"[0.569, 0.789]"
catboost,0.3,0.8928571428571429,0.5846153846153846,0.8085106382978723,0.6785714285714286,0.9562688654936318,0.738118504861433,38,27,9,262,"{'depth': 4, 'learning_rate': 0.03, 'l2_leaf_reg': 10, 'auto_class_weights': None}, iterations=228",0.9049673538922955,0.8272058823529411,"[0.536, 0.783]"
ensemble_rf_xgb_cb,0.45,0.9017857142857144,0.6166666666666667,0.7872340425531915,0.6915887850467289,0.957594051387764,0.7423753621713483,37,23,10,266,RF/XGB/CB 확률 평균,0.9106667269312726,0.8288973384030418,"[0.529, 0.804]"
rnn,169.0,0.8869047619047619,0.56,0.8936170212765957,0.6885245901639344,0.9592137230361482,0.736084744357547,42,33,5,256,"01_rnn.py, 예측값 >= 169",0.905563419643366,0.8255159474671669,"[0.516, 0.807]"
xgboost_reg,171.0,0.8928571428571429,0.5733333333333334,0.9148936170212766,0.7049180327868853,0.9531767650739896,0.7284080018378464,43,32,4,257,예측값 >= 171 (CV 선택),,0.7911275415896488,"[0.542, 0.818]"
lightgbm_reg,173.0,0.8928571428571429,0.5797101449275363,0.851063829787234,0.6896551724137931,0.9517043363027312,0.685071399056655,40,29,7,260,예측값 >= 173 (CV 선택),,0.8060263653483992,"[0.519, 0.802]"
isolation_forest,-0.099015436256408,0.7916666666666666,0.3707865168539326,0.7021276595744681,0.4852941176470588,0.7680188470882722,0.3440362657963335,33,56,14,233,"C_power_operating_dir, top 40% of train score",0.5041083542810092,0.6177847113884556,"[0.370, 0.576]"
isolation_forest_A_all,0.007935074477253,0.8422619047619048,0.3928571428571428,0.2340425531914893,0.2933333333333333,0.766546418317014,0.340598008168733,11,17,36,272,"A_all_features, top 20% of train score",0.3566111951158291,0.4361290322580645,"[0.000, 0.496]"
