,,A_real,A_real,A_real,B_random10%,B_random10%,B_random10%,B_block10%,B_block10%,B_block10%
,,cv_PR-AUC,cv_F1,test_F1,cv_PR-AUC,cv_F1,test_F1,cv_PR-AUC,cv_F1,test_F1
model,missing,,,,,,,,,
random_forest,interp,0.8855624357713952,0.8169556840077071,0.7027027027027027,0.8844520571915823,0.8110673079020262,0.6993091335198854,0.8834318717270128,0.8100489248030232,0.7098477788132961
xgboost,interp,0.8928485915521018,0.8146718146718147,0.6909090909090909,0.8894738725016754,0.8119289022769846,0.6954646954646955,0.8904993264720122,0.8157820170982685,0.6922444786851566
catboost,interp,0.9028165251889563,0.8192771084337349,0.6804123711340206,0.8988473230536805,0.8121496287557669,0.6679794724907507,0.9005189807866961,0.8184527822575456,0.7046159483204958
random_forest,ffill,0.8825415691189892,0.8132295719844358,0.7027027027027027,0.8842799739887982,0.8110521920817698,0.6985569640436897,0.8816084130458388,0.8082871792730689,0.7030363697030365
xgboost,ffill,0.8928485915521018,0.8146718146718147,0.6909090909090909,0.8909730517818502,0.8107283713158866,0.6883080822659706,0.8908821892242843,0.8143036241334918,0.6904475228234124
catboost,ffill,0.900306992137521,0.8088531187122736,0.6868686868686869,0.8986724848003947,0.816935919652673,0.6788990825688074,0.8998536434286571,0.8173505997030679,0.6839908519153802
random_forest,zero,0.882952814159359,0.8131021194605009,0.7027027027027027,0.8838340632393176,0.8078277765306043,0.7009449926116593,0.880965293945839,0.8143753409710857,0.7006113256113257
xgboost,zero,0.8928485915521018,0.8146718146718147,0.6909090909090909,0.8886266257766714,0.8131091239958591,0.6978442396399053,0.8880589762065109,0.810734307027409,0.6921494921494921
catboost,zero,0.900306992137521,0.8088531187122736,0.6868686868686869,0.8982546416602805,0.8094467540200686,0.6606870459682587,0.8999857413414875,0.8125860485487822,0.6878813202342614
random_forest,native,0.8816648000817587,0.8146718146718147,0.7027027027027027,0.8840848315089845,0.8107456188732249,0.7023652919670619,0.8848896021142366,0.8092494821055864,0.706342932429889
xgboost,native,0.8928485915521018,0.8146718146718147,0.6909090909090909,0.8882740723089183,0.8117678583122238,0.700400091863993,0.888043664915276,0.8162227472052375,0.6984700539048365
catboost,native,0.9003837028434607,0.8202247191011236,0.6727272727272727,0.8966853288861368,0.812934086718858,0.6856707633719924,0.8993083302130479,0.8189352524767334,0.6947720192580006
