Model,threshold,Accuracy,Precision,Recall,F1,ROC-AUC,PR-AUC,TP,FP,FN,TN,method,cv_PR-AUC,cv_F1
persistence,179.0,0.8452380952380952,0.4468085106382978,0.4468085106382978,0.4468085106382978,0.8622542884487963,0.5294814526548394,21,26,26,263,lag_1 >= 179,,
persistence_lag168,179.0,0.8958333333333334,0.6111111111111112,0.7021276595744681,0.6534653465346535,0.9327100051535008,0.5614641396771357,33,21,14,268,lag_168 >= 179,,
random_forest,0.5,0.9017857142857144,0.609375,0.8297872340425532,0.7027027027027027,0.9600235588603402,0.7665768317576853,39,25,8,264,"{'max_depth': None, 'min_samples_leaf': 5, 'max_features': 'sqrt', 'class_weight': 'balanced_subsample'}",0.8855624357713952,0.8169556840077071
xgboost,0.35,0.8988095238095238,0.6031746031746031,0.8085106382978723,0.6909090909090909,0.9561952440550688,0.7398388888502643,38,25,9,264,"{'max_depth': 3, 'learning_rate': 0.03, 'min_child_weight': 5, 'use_spw': False}, n_estimators=328",0.8951236938262576,0.8199233716475096
catboost,0.3,0.8928571428571429,0.5846153846153846,0.8085106382978723,0.6785714285714286,0.9562688654936318,0.738118504861433,38,27,9,262,"{'depth': 4, 'learning_rate': 0.03, 'l2_leaf_reg': 10, 'auto_class_weights': None}, iterations=228",0.9049673538922955,0.8272058823529411
isolation_forest,-0.099015436256408,0.7916666666666666,0.3707865168539326,0.7021276595744681,0.4852941176470588,0.7680188470882722,0.3440362657963335,33,56,14,233,"C_power_operating_dir, top 40% of train score",0.5041083542810092,0.6177847113884556
isolation_forest_A_all,0.007935074477253,0.8422619047619048,0.3928571428571428,0.2340425531914893,0.2933333333333333,0.766546418317014,0.340598008168733,11,17,36,272,"A_all_features, top 20% of train score",0.3566111951158291,0.4361290322580645
xgboost_reg,171.0,0.8898809523809523,0.5675675675675675,0.8936170212765957,0.6942148760330579,0.9517043363027312,0.697052683078624,42,32,5,257,예측값 >= 171 (CV 선택),,0.7941176470588235
lightgbm_reg,173.0,0.8928571428571429,0.5797101449275363,0.851063829787234,0.6896551724137931,0.9517043363027312,0.685071399056655,40,29,7,260,예측값 >= 173 (CV 선택),,0.8060263653483992
ensemble_rf_xgb_cb,0.4,0.8988095238095238,0.6065573770491803,0.7872340425531915,0.6851851851851852,0.958551130089082,0.7480159007795477,37,24,10,265,RF/XGB/CB 확률 평균,0.9048551465111716,0.8286252354048964
rnn,167.41618,0.9017857142857143,0.5921052631578947,0.9574468085106383,0.7317073170731707,0.9584775086505191,0.7439113241154106,45,31,2,258,"01_rnn.py, 예측값 >= 167",,
