,원본,증강,전체
days,142.0,115.0,257.0
operating_days,116.0,92.0,208.0
non_operating_days,26.0,23.0,49.0
production_agreement,0.9366,0.9478,0.9416
production_mismatch_days,9.0,6.0,15.0
power_on_production_zero,9.0,6.0,15.0
power_off_production_pos,0.0,0.0,0.0
holidays,4.0,3.0,7.0
holiday_operating,4.0,3.0,7.0
saturdays,22.0,15.0,37.0
saturday_operating,20.0,15.0,35.0
sundays,24.0,13.0,37.0
sunday_operating,6.0,2.0,8.0
weekdays,92.0,84.0,176.0
weekday_non_operating,6.0,12.0,18.0
calendar_mismatch_days,36.0,32.0,68.0
calendar_mismatch_rate,0.2535,0.2783,0.2646
day_threshold,72.5,72.5,72.5
hour_threshold,41.0,41.0,41.0
