Model,fold,hours,MAE,RMSE,MSE,peak_hour_MAE,on_hour_MAE,off_hour_MAE,switch_hour_MAE,switch_hours,daily_max_MAE,daily_max_bias
A_기본 / xgboost,2021-07,720,15.86309028201633,23.347373595909648,545.099853826979,22.288582555505613,13.392730697872132,21.782631172324127,29.50815921359592,9,24.322949600219726,-8.385779190063477
A_기본 / lightgbm,2021-07,720,13.0212592934825,19.160513740451176,367.1252867980183,19.772455266617467,12.932194396719762,13.234678951763026,17.18030222253317,9,21.18386379524761,-9.608150621305809
B'_현실계획 / xgboost,2021-07,720,18.066786130269367,28.10946606812769,790.1420826352221,25.379196318569562,15.075655381510577,25.234212641446096,45.6610599093967,9,29.299419403076172,-3.6326830546061197
B'_현실계획 / lightgbm,2021-07,720,12.579641759629231,18.52289670370797,343.09770229623564,19.270274123717233,13.048001152371153,11.457346610983494,12.569326132614272,9,19.434212020883702,-9.56921602440209
B_가동계획 / xgboost,2021-07,720,9.151879511939155,14.686243795267318,215.6857568140278,18.427183290191046,12.154023177980438,1.9580635574628722,6.868121041191949,9,13.213589731852213,-11.374325815836588
B_가동계획 / lightgbm,2021-07,720,9.195407510017796,14.522538015834844,210.90411042136822,17.789763760822485,12.291976990639496,1.7753259243771253,7.52663454964021,9,14.525050640708635,-12.374164918855433
C_생산계획 / xgboost,2021-07,720,13.32147521773974,21.47952206636034,461.36986819926074,23.207453190885634,14.726671534260428,9.954306685699606,15.028064303927952,9,22.817211850484213,-14.910853004455566
C_생산계획 / lightgbm,2021-07,720,12.611734487529976,22.158016548518702,490.9776973644286,23.392862745605843,15.167565182665589,6.487385463337081,9.803126297069696,9,22.605057475706985,-15.445548932652136
1주 전 같은 시각 (lag_168),2021-07,720,11.311111111111112,19.775054431727305,391.0527777777778,18.039735099337747,14.080708661417322,4.6745283018867925,10.777777777777779,9,10.566666666666666,1.2333333333333334
A_기본 / xgboost,2021-08,744,36.04233665620127,58.15997940566052,3382.583204466856,39.67292423059445,20.11766451567852,55.17078899067535,17.426108254326714,9,55.771638501075,6.689830595447171
A_기본 / lightgbm,2021-08,744,33.528212303426145,56.49687812671043,3191.8972380643713,37.86389479958497,19.481258636566057,50.40118031746518,15.187376597877126,9,50.297459203537045,4.056239400425597
B'_현실계획 / xgboost,2021-08,744,29.90608814711212,45.24406269342613,2047.0252090066745,38.6967073950437,22.417674144500584,38.90104697865142,18.69550323486328,9,45.468275377827304,-0.01689480197045111
B'_현실계획 / lightgbm,2021-08,744,27.976196378992935,49.887014196735485,2488.714185465288,29.040714750939458,16.031820176328477,42.32358317864313,16.100570074499625,9,42.68446891233751,6.7483040078641
B_가동계획 / xgboost,2021-08,744,7.380999054960025,11.913966895412681,141.94260718498927,15.869267529780322,10.21362199454472,3.978499310961842,21.49624760945638,9,10.13774287316107,-7.845254528907038
B_가동계획 / lightgbm,2021-08,744,6.728978175559194,10.923203213004467,119.3163684325911,13.094619238305395,9.226865398856402,3.728557428048347,17.153123135889665,9,8.072397238305822,-6.8181562832212474
C_생산계획 / xgboost,2021-08,744,33.21342230612232,55.591096419246064,3090.3700010939124,31.689635701698833,18.0267745520681,51.455371975193366,15.842554304334852,9,49.40464899616857,12.063902147354618
C_생산계획 / lightgbm,2021-08,744,29.785846461887328,52.42923912926551,2748.8251156737056,29.739000631007265,15.993566214005853,46.352904984490515,15.338161549635117,9,43.88945591188546,7.786821216062203
1주 전 같은 시각 (lag_168),2021-08,744,46.55913978494624,76.33073902714494,5826.381720430108,76.83168316831683,45.347290640394085,48.014792899408285,23.11111111111111,9,68.64516129032258,0.1935483870967742
