Model,시점,MAE,RMSE,MSE,peak_hour_MAE,on_hour_MAE,off_hour_MAE,switch_hour_MAE,switch_hours,daily_max_MAE,daily_max_bias,cv_MAE,cv_on_hour_MAE,cv_peak_hour_MAE,n_features,params
A_기본 / xgboost,하루 전,6.746840715408325,9.485481370707294,89.97435683403512,10.197622420939993,8.059537314583736,3.316891536917738,11.382096926371256,6,8.425022533961705,-6.063429832458496,26.118117127913596,16.3799551289765,29.256116322108678,22.0,"{'max_depth': 3, 'learning_rate': 0.1, 'min_child_weight': 5, 'objective': 'reg:absoluteerror', 'n_estimators': 61}"
A_기본 / lightgbm,하루 전,7.455482420460807,10.808055930489143,116.81407299658154,9.08374454760363,8.121922999088168,5.71413768275706,9.990686195011396,6,8.268651150226534,-2.4007245608992585,23.442825577224355,15.841297330393283,27.023389365148095,22.0,"{'num_leaves': 7, 'learning_rate': 0.1, 'min_child_samples': 30, 'objective': 'regression_l1', 'n_estimators': 80}"
B_가동계획 / xgboost,하루 전,6.636308125087193,9.75135267127259,95.08887891953509,10.412794721887467,8.15844425154321,2.65911373015373,21.916542053222656,6,8.436907087053571,-7.201576232910156,8.251923869867793,11.292094424725622,17.401986894153413,31.0,"{'max_depth': 5, 'learning_rate': 0.03, 'min_child_weight': 5, 'objective': 'reg:absoluteerror', 'n_estimators': 570}"
B_가동계획 / lightgbm,하루 전,6.558175156916334,9.4476465424183,89.25802519046846,12.23551637903242,8.135329424437085,2.437223683716952,16.318313950580528,6,9.26737240940975,-8.54749733039584,7.941976208899491,10.930450397352912,15.907979646639047,31.0,"{'num_leaves': 31, 'learning_rate': 0.1, 'min_child_samples': 10, 'objective': 'regression_l1', 'n_estimators': 78}"
C_생산계획 / xgboost,하루 전,6.7052440870375865,9.689085838923658,93.87838439403097,10.643835514149767,8.3018686035533,2.533418737432008,12.08409055074056,6,6.825855255126953,-5.251038142613003,23.430497508557117,16.19258162750979,26.60705808609251,25.0,"{'max_depth': 3, 'learning_rate': 0.03, 'min_child_weight': 5, 'objective': 'reg:absoluteerror', 'n_estimators': 295}"
C_생산계획 / lightgbm,하루 전,6.717013297507144,9.504639141177892,90.33816520401082,10.295175716523378,8.150705857932625,2.970913381556695,12.135956506371533,6,6.734687583523367,-4.975043113867209,21.33956188433453,15.534475925252181,25.936354517135772,25.0,"{'num_leaves': 7, 'learning_rate': 0.03, 'min_child_samples': 30, 'objective': 'regression_l1', 'n_estimators': 284}"
1주 전 같은 시각 (lag_168),하루 전,8.949404761904763,12.325568662627411,151.91964285714286,9.893617021276595,9.39917695473251,7.774193548387097,10.333333333333334,6,7.0,1.5714285714285714,29.224043715846996,,,,
Persistence (lag_1),1시간 전,14.520833333333334,23.776301226221037,565.3125,22.06382978723404,18.843621399176953,3.225806451612903,44.166666666666664,6,0.0,0.0,,,,,
06 xgboost_reg (직전 값 포함),1시간 전,6.118290690476191,8.614985832359347,74.21798089175228,8.318951489361705,7.587620185185184,2.279074913978495,11.841108666666665,6,5.5754404285714285,-4.45240542857143,,,,,
