period,source,direction,x,max_before,max_after,reduction_kw,peaks_before,peaks_after,missed_peaks,new_peaks,adjustments,adjustments_per_day,unnecessary,moved_kw,unmoved_kw,month_max_before,month_max_after,saving_kw_month,saving_won_month,saving_rate_month,billing_kw_before,billing_kw_after,saving_won_12m,achieved_ratio
2021-07,조정 전,-,0.0,222.0,222.0,0.0,151,151,151,0,0,0.0,0,0.0,0.0,222.0,222.0,0.0,0.0,0.0,222.0,222.0,0.0,
2021-07,완벽 예측 (1시간 전),after,0.05,222.0,211.95000000000002,10.049999999999983,151,115,0,0,151,5.033333333333333,0,888.7500000000002,566.6500000000001,222.0,212.0,10.0,74700.0,0.04504504504504504,222.0,222.0,0.0,1.0
2021-07,완벽 예측 (1시간 전),after,0.1,222.0,210.2,11.800000000000011,151,93,0,0,151,5.033333333333333,0,1669.5,1241.3000000000002,222.0,212.0,10.0,74700.0,0.04504504504504504,222.0,222.0,0.0,1.0
2021-07,완벽 예측 (1시간 전),after,0.2,222.0,211.4,10.599999999999994,151,71,0,0,151,5.033333333333333,0,3025.0,2796.6000000000004,222.0,212.0,10.0,74700.0,0.04504504504504504,222.0,222.0,0.0,1.0
2021-07,완벽 예측 (하루 전),any,0.05,222.0,210.9,11.099999999999994,151,102,0,0,151,5.033333333333333,0,1289.5,165.9,222.0,212.0,10.0,74700.0,0.04504504504504504,222.0,222.0,0.0,1.0
2021-07,완벽 예측 (하루 전),any,0.1,222.0,201.0,21.0,151,62,0,0,151,5.033333333333333,0,2540.5,370.29999999999995,222.0,212.0,10.0,74700.0,0.04504504504504504,222.0,222.0,0.0,1.0
2021-07,완벽 예측 (하루 전),any,0.2,222.0,201.0,21.0,151,22,0,0,151,5.033333333333333,0,4876.6,945.0,222.0,212.0,10.0,74700.0,0.04504504504504504,222.0,222.0,0.0,1.0
2021-07,M2 주의 (RF 단독),after,0.05,222.0,211.0,11.0,151,136,20,14,173,5.766666666666667,42,875.5519318022239,739.2296555388507,222.0,212.0,10.0,74700.0,0.04504504504504504,222.0,222.0,0.0,1.0945273631840815
2021-07,M2 주의 (RF 단독),after,0.1,222.0,216.58890305741977,5.4110969425802296,151,123,20,17,173,5.766666666666667,42,1546.900127369063,1683.445450200539,222.0,216.58890305741977,5.4110969425802296,40420.89416107431,0.024374310552163197,222.0,222.0,0.0,0.4585675375067987
2021-07,M2 주의 (RF 단독),after,0.2,222.0,231.17780611483948,-9.177806114839484,151,111,20,18,173,5.766666666666667,42,2726.664898729615,3734.6262564095896,222.0,231.17780611483948,-9.177806114839484,-68558.21167785095,-0.04134146898576344,222.0,231.17780611483948,-68558.21167785095,-0.8658307655508952
2021-07,M2 확정 (AND),after,0.05,222.0,211.0,11.0,151,139,30,13,146,4.866666666666666,25,806.7752454342306,586.8860419755925,222.0,212.0,10.0,74700.0,0.04504504504504504,222.0,222.0,0.0,1.0945273631840815
2021-07,M2 확정 (AND),after,0.1,222.0,211.0,11.0,151,127,30,17,146,4.866666666666666,25,1426.004626643717,1361.9529481759298,222.0,212.0,10.0,74700.0,0.04504504504504504,222.0,222.0,0.0,0.9322033898305075
2021-07,M2 확정 (AND),after,0.2,222.0,211.0,11.0,151,112,30,18,146,4.866666666666666,25,2483.8738972789215,3092.4412523603705,222.0,212.0,10.0,74700.0,0.04504504504504504,222.0,222.0,0.0,1.0377358490566044
2021-07,참고: RNN 단독,after,0.05,222.0,211.0,11.0,151,139,29,13,153,5.1,31,806.7752454342307,648.6216857539584,222.0,212.0,10.0,74700.0,0.04504504504504504,222.0,222.0,0.0,1.0945273631840815
2021-07,참고: RNN 단독,after,0.1,222.0,212.0,10.0,151,127,29,17,153,5.1,31,1426.004626643717,1488.9455232893931,222.0,212.0,10.0,74700.0,0.04504504504504504,222.0,222.0,0.0,0.8474576271186433
2021-07,참고: RNN 단독,after,0.2,222.0,212.0,10.0,151,113,29,18,153,5.1,31,2483.8738972789215,3349.989750091101,222.0,212.0,10.0,74700.0,0.04504504504504504,222.0,222.0,0.0,0.9433962264150948
2021-07,M3 하루 전,any,0.05,222.0,211.0,11.0,151,113,15,6,185,6.166666666666667,49,1417.1388366279693,293.2111633720308,222.0,212.0,10.0,74700.0,0.04504504504504504,222.0,222.0,0.0,0.9909909909909915
2021-07,M3 하루 전,any,0.1,222.0,216.58890305741977,5.4110969425802296,151,84,15,8,185,6.166666666666667,49,2762.4418646386684,658.2581353613319,222.0,216.58890305741977,5.4110969425802296,40420.89416107431,0.024374310552163197,222.0,222.0,0.0,0.2576712829800109
2021-07,M3 하루 전,any,0.2,222.0,231.17780611483948,-9.177806114839484,151,55,15,12,185,6.166666666666667,49,5279.330475081986,1562.0695249180133,222.0,231.17780611483948,-9.177806114839484,-68558.21167785095,-0.04134146898576344,222.0,231.17780611483948,-68558.21167785095,-0.4370383864209278
2021-07,1주 전 같은 시각,any,0.05,222.0,213.0,9.0,151,122,56,3,134,4.466666666666667,39,1140.1494328101503,82.25056718984976,222.0,213.0,9.0,67230.0,0.04054054054054054,222.0,222.0,0.0,0.8108108108108112
2021-07,1주 전 같은 시각,any,0.1,222.0,216.58890305741977,5.4110969425802296,151,104,56,4,134,4.466666666666667,39,2231.36305700303,213.43694299696998,222.0,216.58890305741977,5.4110969425802296,40420.89416107431,0.024374310552163197,222.0,222.0,0.0,0.2576712829800109
2021-07,1주 전 같은 시각,any,0.2,222.0,231.17780611483948,-9.177806114839484,151,77,56,9,134,4.466666666666667,39,4286.267629118907,603.3323708810931,222.0,231.17780611483948,-9.177806114839484,-68558.21167785095,-0.04134146898576344,222.0,231.17780611483948,-68558.21167785095,-0.4370383864209278
2021-08,조정 전,-,0.0,218.0,218.0,0.0,101,101,101,0,0,0.0,0,0.0,0.0,218.0,218.0,0.0,0.0,0.0,222.0,222.0,0.0,
2021-08,완벽 예측 (1시간 전),after,0.05,218.0,207.10000000000002,10.899999999999977,101,62,0,0,101,3.2580645161290325,0,695.5500000000001,262.15000000000003,218.0,207.10000000000002,10.899999999999977,81422.99999999983,0.0499999999999999,222.0,222.0,0.0,1.0
2021-08,완벽 예측 (1시간 전),after,0.1,218.0,207.0,11.0,101,39,0,0,101,3.2580645161290325,0,1322.9000000000003,592.4999999999999,218.0,207.0,11.0,82170.0,0.05045871559633028,222.0,222.0,0.0,1.0
2021-08,완벽 예측 (1시간 전),after,0.2,218.0,207.0,11.0,101,34,0,0,101,3.2580645161290325,0,2429.0,1401.8000000000002,218.0,207.0,11.0,82170.0,0.05045871559633028,222.0,222.0,0.0,1.0
2021-08,완벽 예측 (하루 전),any,0.05,218.0,207.1,10.900000000000006,101,54,0,0,101,3.2580645161290325,0,901.0000000000001,56.7,218.0,207.1,10.900000000000006,81423.00000000004,0.050000000000000024,222.0,222.0,0.0,1.0
2021-08,완벽 예측 (하루 전),any,0.1,218.0,196.2,21.80000000000001,101,22,0,0,101,3.2580645161290325,0,1792.1000000000001,123.30000000000001,218.0,196.2,21.80000000000001,162846.0000000001,0.10000000000000005,222.0,222.0,0.0,1.0
2021-08,완벽 예측 (하루 전),any,0.2,218.0,196.0,22.0,101,6,0,0,101,3.2580645161290325,0,3557.0000000000005,273.8,218.0,196.0,22.0,164340.0,0.10091743119266056,222.0,222.0,0.0,1.0
2021-08,M2 주의 (RF 단독),after,0.05,218.0,207.1,10.900000000000006,101,72,7,2,123,3.967741935483871,29,672.4428419362998,470.9813028629027,218.0,207.1,10.900000000000006,81423.00000000004,0.050000000000000024,222.0,222.0,0.0,1.0000000000000027
2021-08,M2 주의 (RF 단독),after,0.1,218.0,207.0,11.0,101,54,7,3,123,3.967741935483871,29,1268.1940979822716,1019.5091916161333,218.0,207.0,11.0,82170.0,0.05045871559633028,222.0,222.0,0.0,1.0
2021-08,M2 주의 (RF 단독),after,0.2,218.0,207.0,11.0,101,55,7,8,123,3.967741935483871,29,2315.7321152128243,2260.0744639839854,218.0,207.0,11.0,82170.0,0.05045871559633028,222.0,222.0,0.0,1.0
2021-08,M2 확정 (AND),after,0.05,218.0,207.1,10.900000000000006,101,72,7,2,118,3.806451612903226,24,664.5928419362998,436.38130286290266,218.0,207.1,10.900000000000006,81423.00000000004,0.050000000000000024,222.0,222.0,0.0,1.0000000000000027
2021-08,M2 확정 (AND),after,0.1,218.0,207.0,11.0,101,54,7,3,118,3.806451612903226,24,1256.6527878885513,945.3505017098538,218.0,207.0,11.0,82170.0,0.05045871559633028,222.0,222.0,0.0,1.0
2021-08,M2 확정 (AND),after,0.2,218.0,207.0,11.0,101,55,7,8,118,3.806451612903226,24,2301.6494950253837,2102.3570841714263,218.0,207.0,11.0,82170.0,0.05045871559633028,222.0,222.0,0.0,1.0
2021-08,참고: RNN 단독,after,0.05,218.0,207.1,10.900000000000006,101,73,3,2,128,4.129032258064516,30,693.159653255708,496.18015665769497,218.0,207.1,10.900000000000006,81423.00000000004,0.050000000000000024,222.0,222.0,0.0,1.0000000000000027
2021-08,참고: RNN 단독,after,0.1,218.0,207.0,11.0,101,54,3,3,128,4.129032258064516,30,1312.7864105273675,1066.5795395278394,218.0,207.0,11.0,82170.0,0.05045871559633028,222.0,222.0,0.0,1.0
2021-08,참고: RNN 단독,after,0.2,218.0,207.0,11.0,101,56,3,8,128,4.129032258064516,30,2412.916740303016,2348.340480721002,218.0,207.0,11.0,82170.0,0.05045871559633028,222.0,222.0,0.0,1.0
2021-08,M3 하루 전,any,0.05,218.0,215.0,3.0,101,59,12,1,129,4.161290322580645,40,1117.8003493359709,63.749650664029105,218.0,215.0,3.0,22410.0,0.013761467889908258,222.0,222.0,0.0,0.275229357798165
2021-08,M3 하루 전,any,0.1,218.0,215.0,3.0,101,27,12,1,129,4.161290322580645,40,2195.95110648171,167.1488935182899,218.0,215.0,3.0,22410.0,0.013761467889908258,222.0,222.0,0.0,0.1376146788990825
2021-08,M3 하루 전,any,0.2,218.0,215.0,3.0,101,16,12,3,129,4.161290322580645,40,4315.363844984908,410.8361550150929,218.0,215.0,3.0,22410.0,0.013761467889908258,222.0,222.0,0.0,0.13636363636363635
2021-08,1주 전 같은 시각,any,0.05,218.0,218.0,0.0,101,72,64,0,119,3.838709677419355,82,603.9213459907601,87.17865400923995,218.0,218.0,0.0,0.0,0.0,222.0,222.0,0.0,0.0
2021-08,1주 전 같은 시각,any,0.1,218.0,218.0,0.0,101,66,64,0,119,3.838709677419355,82,1197.94269198152,184.25730801847988,218.0,218.0,0.0,0.0,0.0,222.0,222.0,0.0,0.0
2021-08,1주 전 같은 시각,any,0.2,218.0,218.0,0.0,101,65,64,1,119,3.838709677419355,82,2384.88538396304,379.51461603695975,218.0,218.0,0.0,0.0,0.0,222.0,222.0,0.0,0.0
test,조정 전,-,0.0,204.0,204.0,0.0,47,47,47,0,0,0.0,0,0.0,0.0,204.0,204.0,0.0,0.0,0.0,222.0,222.0,0.0,
test,완벽 예측 (1시간 전),after,0.05,204.0,193.79999999999998,10.200000000000017,47,26,0,0,47,3.357142857142857,0,386.85,53.650000000000006,204.0,193.79999999999998,10.200000000000017,76194.00000000013,0.050000000000000086,222.0,222.0,0.0,1.0
test,완벽 예측 (1시간 전),after,0.1,204.0,192.0,12.0,47,7,0,0,47,3.357142857142857,0,747.4,133.60000000000002,204.0,192.0,12.0,89640.0,0.058823529411764705,222.0,222.0,0.0,1.0
test,완벽 예측 (1시간 전),after,0.2,204.0,192.0,12.0,47,10,0,0,47,3.357142857142857,0,1367.8,394.20000000000005,204.0,192.0,12.0,89640.0,0.058823529411764705,222.0,222.0,0.0,1.0
test,완벽 예측 (하루 전),any,0.05,204.0,193.79999999999998,10.200000000000017,47,22,0,0,47,3.357142857142857,0,436.9000000000001,3.6000000000000014,204.0,193.79999999999998,10.200000000000017,76194.00000000013,0.050000000000000086,222.0,222.0,0.0,1.0
test,완벽 예측 (하루 전),any,0.1,204.0,183.6,20.400000000000006,47,1,0,0,47,3.357142857142857,0,872.4000000000001,8.599999999999978,204.0,183.6,20.400000000000006,152388.00000000003,0.10000000000000003,222.0,222.0,0.0,1.0
test,완벽 예측 (하루 전),any,0.2,204.0,182.0,22.0,47,1,0,0,47,3.357142857142857,0,1697.8000000000002,64.19999999999997,204.0,182.0,22.0,164340.0,0.10784313725490197,222.0,222.0,0.0,1.0
test,M2 주의 (RF 단독),after,0.05,204.0,193.8,10.199999999999989,47,33,4,3,71,5.071428571428571,28,505.8513178728708,136.44368212712922,204.0,193.8,10.199999999999989,76193.99999999991,0.04999999999999995,222.0,222.0,0.0,0.9999999999999972
test,M2 주의 (RF 단독),after,0.1,204.0,192.0,12.0,47,22,4,7,71,5.071428571428571,28,950.212141957122,335.21785804287805,204.0,192.0,12.0,89640.0,0.058823529411764705,222.0,222.0,0.0,1.0
test,M2 주의 (RF 단독),after,0.2,204.0,195.0,9.0,47,28,4,11,71,5.071428571428571,28,1625.9659404255601,945.0340595744402,204.0,195.0,9.0,67230.0,0.04411764705882353,222.0,222.0,0.0,0.75
test,M2 확정 (AND),after,0.05,204.0,193.8,10.199999999999989,47,34,7,3,68,4.857142857142857,28,496.8513178728708,118.19368212712922,204.0,193.8,10.199999999999989,76193.99999999991,0.04999999999999995,222.0,222.0,0.0,0.9999999999999972
test,M2 확정 (AND),after,0.1,204.0,192.0,12.0,47,23,7,7,68,4.857142857142857,28,932.212141957122,298.717858042878,204.0,192.0,12.0,89640.0,0.058823529411764705,222.0,222.0,0.0,1.0
test,M2 확정 (AND),after,0.2,204.0,195.0,9.0,47,29,7,11,68,4.857142857142857,28,1604.7659404255598,857.2340595744403,204.0,195.0,9.0,67230.0,0.04411764705882353,222.0,222.0,0.0,0.75
test,참고: RNN 단독,after,0.05,204.0,193.8,10.199999999999989,47,34,5,3,75,5.357142857142857,33,523.0013178728708,153.24368212712923,204.0,193.8,10.199999999999989,76193.99999999991,0.04999999999999995,222.0,222.0,0.0,0.9999999999999972
test,참고: RNN 단독,after,0.1,204.0,192.0,12.0,47,22,5,7,75,5.357142857142857,33,978.8121419571221,374.747858042878,204.0,192.0,12.0,89640.0,0.058823529411764705,222.0,222.0,0.0,1.0
test,참고: RNN 단독,after,0.2,204.0,195.0,9.0,47,28,5,11,75,5.357142857142857,33,1645.96594042556,1062.6340595744402,204.0,195.0,9.0,67230.0,0.04411764705882353,222.0,222.0,0.0,0.75
test,M3 하루 전,any,0.05,204.0,193.8,10.199999999999989,47,24,2,0,79,5.642857142857143,34,683.3548215118278,26.845178488172067,204.0,193.8,10.199999999999989,76193.99999999991,0.04999999999999995,222.0,222.0,0.0,0.9999999999999972
test,M3 하루 전,any,0.1,204.0,186.0,18.0,47,3,2,0,79,5.642857142857143,34,1349.309643023656,71.09035697634417,204.0,186.0,18.0,134460.0,0.08823529411764706,222.0,222.0,0.0,0.8823529411764703
test,M3 하루 전,any,0.2,204.0,189.0,15.0,47,5,2,2,79,5.642857142857143,34,2627.0386178460703,213.76138215392965,204.0,189.0,15.0,112050.0,0.07352941176470588,222.0,222.0,0.0,0.6818181818181818
test,1주 전 같은 시각,any,0.05,204.0,204.0,0.0,47,31,14,0,54,3.857142857142857,21,488.5,0.0,204.0,204.0,0.0,0.0,0.0,222.0,222.0,0.0,0.0
test,1주 전 같은 시각,any,0.1,204.0,204.0,0.0,47,14,14,0,54,3.857142857142857,21,977.0,0.0,204.0,204.0,0.0,0.0,0.0,222.0,222.0,0.0,0.0
test,1주 전 같은 시각,any,0.2,204.0,204.0,0.0,47,14,14,0,54,3.857142857142857,21,1954.0,0.0,204.0,204.0,0.0,0.0,0.0,222.0,222.0,0.0,0.0
