scenario,share,margin_kw,peak_hours_before,peak_hours_after,period_max_before,period_max_after,avg_daily_max_cut_on_peak_days,peak_days,moved_kw_hours,remaining_peak_hours,remaining_flagged_by_m2
r0_m0,0.0,0.0,47,47,204.0,204.0,0.0,10,0.0,47,43
r0_m8,0.0,8.0,47,47,204.0,204.0,0.0,10,0.0,47,43
r0_m15,0.0,15.0,47,47,204.0,204.0,0.0,10,0.0,47,43
r5_m0,0.05,0.0,47,39,204.0,204.0,1.8,10,119.2,39,35
r5_m8,0.05,8.0,47,28,204.0,202.2,6.6,10,550.4,28,25
r5_m15,0.05,15.0,47,25,204.0,195.4,8.2,10,705.7,25,23
r10_m0,0.1,0.0,47,39,204.0,204.0,1.8,10,119.2,39,35
r10_m8,0.1,8.0,47,26,204.0,202.2,7.8,10,629.4,26,23
r10_m15,0.1,15.0,47,8,204.0,195.2,12.8,10,1143.1,8,7
r15_m0,0.15,0.0,47,39,204.0,204.0,1.8,10,119.2,39,35
r15_m8,0.15,8.0,47,26,204.0,202.2,7.8,10,629.4,26,23
r15_m15,0.15,15.0,47,7,204.0,195.2,12.8,10,1162.6,7,6
r20_m0,0.2,0.0,47,39,204.0,204.0,1.8,10,119.2,39,35
r20_m8,0.2,8.0,47,26,204.0,202.2,7.8,10,629.4,26,23
r20_m15,0.2,15.0,47,7,204.0,195.2,12.8,10,1162.6,7,6
r30_m0,0.3,0.0,47,39,204.0,204.0,1.8,10,119.2,39,35
r30_m8,0.3,8.0,47,26,204.0,202.2,7.8,10,629.4,26,23
r30_m15,0.3,15.0,47,7,204.0,195.2,12.8,10,1162.6,7,6
