week,train_until,m3_mae,m3_daily_max_bias,peaks_actual,peaks_ai,peaks_hindsight,max_actual,max_ai,max_hindsight,m2_caught
2021-07-07 ~ 2021-07-13,2021-07-06,16.17,-8.66,33,26,6,203.0,201.9,182.7,26/33
2021-07-14 ~ 2021-07-20,2021-07-13,17.42,-18.81,38,34,13,222.0,217.4,199.8,31/38
2021-07-21 ~ 2021-07-27,2021-07-20,16.44,-26.0,40,35,20,217.0,213.0,195.3,38/40
2021-07-28 ~ 2021-08-03,2021-07-27,14.15,-19.09,19,17,12,212.0,208.8,190.8,17/19
2021-08-04 ~ 2021-08-10,2021-08-03,5.43,-27.27,16,13,3,215.0,215.0,193.5,16/16
2021-08-11 ~ 2021-08-17,2021-08-10,8.02,-9.23,26,17,8,218.0,204.0,196.2,24/26
2021-08-18 ~ 2021-08-24,2021-08-17,5.81,-6.87,30,18,1,201.0,189.9,180.9,26/30
2021-08-25 ~ 2021-08-31,2021-08-24,9.12,-3.55,29,12,3,202.0,188.2,181.8,28/29
2021-09-01 ~ 2021-09-07,2021-08-31,6.8,-9.42,25,12,0,198.0,191.5,178.2,24/25
2021-09-08 ~ 2021-09-14,2021-09-07,5.74,-6.36,22,14,1,204.0,201.3,183.6,19/22
