Model,split,MAE,RMSE,on_hour_MAE,peak_hour_MAE,daily_max_MAE,daily_max_bias,peak_recall@179,peak_precision@179
W0_기본 / 실행 계획,test,6.810523740378893,9.962959291214727,8.386487866914312,5.650433303611722,5.108388147983356,-3.056082508560416,0.8723404255319149,0.5540540540540541
W0_기본 / 실행 계획,cv(7·8월),23.571453806306845,43.59639381121364,16.208586531475355,26.265924052138608,36.636076411479095,-2.513755196385064,0.18702290076335878,0.4224137931034483
W0_기본 / 평소 계획,test,6.810523740378893,9.962959291214727,8.386487866914312,5.650433303611722,5.108388147983356,-3.056082508560416,0.8723404255319149,0.5540540540540541
W0_기본 / 평소 계획,cv(7·8월),23.571453806306845,43.59639381121364,16.208586531475355,26.265924052138608,36.636076411479095,-2.513755196385064,0.18702290076335878,0.4224137931034483
W1_가동계획 / 실행 계획,test,6.480391025620735,9.791425215756036,8.05437144995494,6.684504557010945,6.157883795649641,-2.4063830918981277,0.8085106382978723,0.5507246376811594
W1_가동계획 / 실행 계획,cv(7·8월),8.457636240782113,13.766841102244962,11.645432958693053,15.21801160391499,10.85941828097412,-7.5058531840759635,0.5076335877862596,0.751412429378531
W1_가동계획 / 평소 계획,test,6.508678202594855,9.829844688211995,8.092202585194244,6.684504557010945,6.157883795649641,-2.4063830918981277,0.8085106382978723,0.5507246376811594
W1_가동계획 / 평소 계획,cv(7·8월),10.368116399831063,18.862900473034593,11.57140125530149,15.397711382391808,12.407826708360334,-6.469018906383028,0.4961832061068702,0.7514450867052023
W2_가동생산계획 / 실행 계획,test,6.4428185547448145,9.511105316191852,8.001583604119094,5.394868821945602,4.695985136021745,-1.9298199284411974,0.9361702127659575,0.5714285714285714
W2_가동생산계획 / 실행 계획,cv(7·8월),8.416859847042183,13.436668041276565,11.645488892689658,15.51774627754917,12.194379017660541,-9.800093073448156,0.5458015267175572,0.8033707865168539
W2_가동생산계획 / 평소 계획,test,6.571929337461324,9.620008906350636,8.1715849563794,5.674932632623559,4.913561277271902,-1.3021948883023289,0.9574468085106383,0.5769230769230769
W2_가동생산계획 / 평소 계획,cv(7·8월),10.346492932943551,18.656224745899507,11.61663044585729,15.677501262071612,13.847575960551469,-8.673427161046565,0.5419847328244275,0.7932960893854749
W2f_제약없음 / 실행 계획,test,6.4658223809029565,9.542665067227558,8.036366155772768,5.38663481485612,4.58214199590038,-1.891468676784936,0.9361702127659575,0.5714285714285714
W2f_제약없음 / 실행 계획,cv(7·8월),8.41981259271373,13.471445158657456,11.63771749249833,15.354813459317851,12.241504609063362,-9.529459120534144,0.5648854961832062,0.8
W2f_제약없음 / 평소 계획,test,6.601381059867973,9.61831021141977,8.217954304707607,5.880903349439246,5.1155706203862,-1.2571255100609207,0.9574468085106383,0.5769230769230769
W2f_제약없음 / 평소 계획,cv(7·8월),10.313559057203031,18.706321363929074,11.523649563383117,15.277173472267433,13.758829854789965,-8.281371469607038,0.5572519083969466,0.7849462365591398
1주 전 같은 시각 (lag_168),test,8.949404761904763,12.325568662627411,9.39917695473251,9.893617021276595,7.0,1.5714285714285714,0.7021276595744681,0.6111111111111112
3주 같은 시각 평균,test,7.150793650793652,9.480800705139941,7.825788751714679,6.950354609929082,5.35714285714286,-2.3095238095238093,0.7446808510638298,0.5555555555555556
1주 전 같은 시각 (lag_168),cv(7·8월),28.97043010752688,55.73360938476678,27.599147121535182,40.48854961832061,39.53225806451613,0.5967741935483871,0.5343511450381679,0.5363984674329502
3주 같은 시각 평균,cv(7·8월),25.252688172043012,43.934686984546815,22.041577825159916,29.806615776081422,37.56989247311827,-3.2258064516129017,0.36259541984732824,0.5974842767295597
