from,to,qty,new_hour,cross_day
09/08(수) 08시,09/08(수) 07시,238.0,False,False
09/08(수) 09시,09/08(수) 06시,577.0,False,False
09/08(수) 10시,09/08(수) 12시,684.0,False,False
09/08(수) 11시,09/08(수) 12시,428.0,False,False
09/08(수) 14시,09/11(토) 00시,1554.0,False,True
09/08(수) 14시,09/11(토) 01시,1554.0,False,True
09/08(수) 15시,09/08(수) 12시,260.0,False,False
09/08(수) 15시,09/08(수) 20시,260.0,False,False
09/08(수) 16시,09/08(수) 12시,128.0,False,False
09/08(수) 16시,09/08(수) 19시,128.0,False,False
09/08(수) 17시,09/08(수) 20시,308.0,False,False
09/08(수) 18시,09/08(수) 20시,368.0,False,False
09/09(목) 08시,09/09(목) 07시,217.0,False,False
09/09(목) 09시,09/09(목) 06시,281.0,False,False
09/09(목) 09시,09/09(목) 07시,281.0,False,False
09/09(목) 10시,09/09(목) 06시,624.0,False,False
09/09(목) 11시,09/09(목) 06시,172.0,False,False
09/09(목) 11시,09/09(목) 07시,172.0,False,False
09/09(목) 13시,09/09(목) 17시,386.0,False,False
09/09(목) 14시,09/09(목) 18시,1333.0,False,False
09/09(목) 15시,09/09(목) 17시,444.0,False,False
09/09(목) 16시,09/09(목) 17시,475.0,False,False
09/10(금) 08시,09/10(금) 07시,98.0,False,False
09/10(금) 10시,09/10(금) 07시,352.0,False,False
09/10(금) 10시,09/10(금) 12시,352.0,False,False
09/10(금) 13시,09/10(금) 12시,419.0,False,False
09/10(금) 15시,09/10(금) 12시,607.0,False,False
09/10(금) 16시,09/10(금) 18시,1464.0,False,False
09/13(월) 13시,09/13(월) 18시,499.0,False,False
09/13(월) 16시,09/13(월) 17시,491.0,False,False
09/14(화) 08시,09/14(화) 07시,216.0,False,False
