date,hour,dow,on,production,pred_before,pred_after,on_before,production_before,actual,actual_after_est
2021-09-08,0,수,1,0,73.7,73.7,1,0.0,78.0,78.0
2021-09-08,1,수,1,687,114.4,114.4,1,687.0,115.0,115.0
2021-09-08,2,수,1,109,115.0,115.0,1,109.0,126.0,126.0
2021-09-08,3,수,1,177,112.8,112.8,1,177.0,122.0,122.0
2021-09-08,4,수,1,110,113.5,113.5,1,110.0,116.0,116.0
2021-09-08,5,수,1,120,111.2,111.2,1,120.0,109.0,109.0
2021-09-08,6,수,1,233,116.4,116.4,1,233.0,123.0,123.0
2021-09-08,7,수,1,2206,148.7,148.7,1,2206.0,154.0,154.0
2021-09-08,8,수,1,476,191.3,191.3,1,476.0,181.0,181.0
2021-09-08,9,수,1,1154,188.3,188.3,1,1154.0,163.0,163.0
2021-09-08,10,수,1,1369,189.3,189.3,1,1369.0,160.0,160.0
2021-09-08,11,수,1,857,189.4,189.4,1,857.0,168.0,168.0
2021-09-08,12,수,1,3,126.0,126.0,1,3.0,63.0,63.0
2021-09-08,13,수,1,1160,189.7,189.7,1,1160.0,165.0,165.0
2021-09-08,14,수,1,6214,192.7,192.7,1,6214.0,178.0,178.0
2021-09-08,15,수,1,1042,186.0,186.0,1,1042.0,183.0,183.0
2021-09-08,16,수,1,513,182.3,182.3,1,513.0,170.0,170.0
2021-09-08,17,수,1,616,173.5,173.5,1,616.0,182.0,182.0
2021-09-08,18,수,1,737,171.0,171.0,1,737.0,170.0,170.0
2021-09-08,19,수,1,2621,162.0,162.0,1,2621.0,163.0,163.0
2021-09-08,20,수,1,175,127.9,127.9,1,175.0,111.0,111.0
2021-09-08,21,수,1,17,129.0,129.0,1,17.0,127.0,127.0
2021-09-08,22,수,1,144,122.2,122.2,1,144.0,116.0,116.0
2021-09-08,23,수,1,91,119.0,119.0,1,91.0,111.0,111.0
2021-09-09,0,목,1,0,78.8,78.2,1,0.0,79.0,78.4
2021-09-09,1,목,1,222,114.2,113.9,1,222.0,99.0,98.7
2021-09-09,2,목,1,72,112.2,112.0,1,72.0,114.0,113.8
2021-09-09,3,목,1,2,113.8,113.6,1,2.0,116.0,115.8
2021-09-09,4,목,1,69,113.2,113.0,1,69.0,114.0,113.8
2021-09-09,5,목,1,26,109.8,109.3,1,26.0,109.0,108.5
2021-09-09,6,목,1,346,115.5,115.2,1,346.0,121.0,120.8
2021-09-09,7,목,1,2056,157.8,154.3,1,2056.0,152.0,148.5
2021-09-09,8,목,1,87,193.7,175.3,1,434.0,187.0,168.6
2021-09-09,9,목,1,225,194.9,175.5,1,1125.0,176.0,156.7
2021-09-09,10,목,1,250,193.8,176.2,1,1248.0,169.0,151.4
2021-09-09,11,목,1,138,193.3,170.6,1,688.0,190.0,167.4
2021-09-09,12,목,1,194,124.5,124.1,1,194.0,129.0,128.5
2021-09-09,13,목,1,308,191.9,177.4,1,1542.0,176.0,161.5
2021-09-09,14,목,1,533,192.8,179.0,1,2666.0,168.0,154.2
2021-09-09,15,목,1,178,187.0,168.8,1,888.0,185.0,166.8
2021-09-09,16,목,1,190,183.2,168.9,1,950.0,168.0,153.7
2021-09-09,17,목,1,494,158.2,156.5,1,494.0,168.0,166.2
2021-09-09,18,목,1,1136,165.7,163.7,1,1136.0,172.0,170.0
2021-09-09,19,목,1,1754,166.1,164.1,1,2702.0,158.0,155.9
2021-09-09,20,목,1,2,138.7,136.1,1,2.0,134.0,131.4
2021-09-09,21,목,1,84,125.9,125.7,1,84.0,134.0,133.8
2021-09-09,22,목,1,30,121.5,121.5,1,30.0,118.0,118.0
2021-09-09,23,목,1,186,121.8,121.8,1,186.0,116.0,116.0
2021-09-10,0,금,1,0,72.6,72.1,1,0.0,83.0,82.5
2021-09-10,1,금,1,270,113.9,113.6,1,270.0,109.0,108.7
2021-09-10,2,금,1,143,113.7,113.5,1,143.0,118.0,117.8
2021-09-10,3,금,1,144,112.4,112.0,1,144.0,116.0,115.7
2021-09-10,4,금,1,125,112.1,111.9,1,125.0,117.0,116.7
2021-09-10,5,금,1,13,109.7,109.4,1,13.0,107.0,106.6
2021-09-10,6,금,1,54,113.9,113.6,1,54.0,118.0,117.7
2021-09-10,7,금,1,1875,150.4,144.2,1,1777.0,150.0,143.8
2021-09-10,8,금,1,39,184.2,176.6,1,196.0,192.0,184.4
2021-09-10,9,금,1,208,186.7,176.0,1,1038.0,204.0,193.2
2021-09-10,10,금,1,282,180.7,175.1,1,1409.0,181.0,175.4
2021-09-10,11,금,1,329,184.9,177.7,1,1647.0,188.0,180.8
2021-09-10,12,금,1,480,127.0,125.0,1,480.0,128.0,126.0
2021-09-10,13,금,1,168,180.3,171.9,1,838.0,191.0,182.5
2021-09-10,14,금,1,194,185.4,175.3,1,968.0,190.0,180.0
2021-09-10,15,금,1,356,179.6,175.5,1,1214.0,191.0,186.9
2021-09-10,16,금,1,5858,177.7,174.2,1,5858.0,171.0,167.5
2021-09-10,17,금,1,261,167.6,166.3,1,261.0,157.0,155.7
2021-09-10,18,금,1,774,159.9,158.7,1,774.0,162.0,160.8
2021-09-10,19,금,1,1387,153.2,151.1,1,1387.0,148.0,145.9
2021-09-10,20,금,1,3,120.1,120.0,1,3.0,121.0,121.0
2021-09-10,21,금,1,9,118.1,118.1,1,9.0,126.0,125.9
2021-09-10,22,금,1,157,116.7,116.7,1,157.0,109.0,109.0
2021-09-10,23,금,1,24,115.6,117.9,1,24.0,105.0,107.3
2021-09-11,0,토,1,2819,69.5,72.8,1,0.0,69.0,72.4
2021-09-11,1,토,1,4,109.0,115.4,1,4.0,105.0,111.4
2021-09-11,2,토,1,2819,106.3,115.2,1,155.0,99.0,107.9
2021-09-11,3,토,1,1417,107.1,115.7,1,0.0,107.0,115.6
2021-09-11,4,토,1,1693,108.6,116.7,1,144.0,93.0,101.1
2021-09-11,5,토,1,2819,103.3,112.6,1,48.0,98.0,107.3
2021-09-11,6,토,1,2819,107.8,115.3,1,104.0,97.0,104.5
2021-09-11,7,토,1,2819,90.6,98.2,1,1718.0,73.0,80.6
2021-09-11,8,토,0,0,25.3,25.4,0,0.0,23.0,23.1
2021-09-11,9,토,0,0,24.2,24.3,0,0.0,23.0,23.1
2021-09-11,10,토,0,0,25.0,25.1,0,0.0,23.0,23.1
2021-09-11,11,토,0,0,25.3,25.4,0,0.0,23.0,23.1
2021-09-11,12,토,0,0,24.9,25.0,0,0.0,28.0,28.1
2021-09-11,13,토,0,0,24.1,24.2,0,0.0,25.0,25.1
2021-09-11,14,토,0,0,24.9,25.0,0,0.0,24.0,24.1
2021-09-11,15,토,0,0,25.0,25.1,0,0.0,24.0,24.1
2021-09-11,16,토,0,0,24.9,25.0,0,0.0,24.0,24.1
2021-09-11,17,토,0,0,24.9,25.0,0,0.0,24.0,24.1
2021-09-11,18,토,0,0,23.3,23.4,0,0.0,24.0,24.1
2021-09-11,19,토,0,0,22.6,22.7,0,0.0,28.0,28.1
2021-09-11,20,토,0,0,23.1,23.2,0,0.0,24.0,24.1
2021-09-11,21,토,0,0,23.2,23.3,0,0.0,24.0,24.1
2021-09-11,22,토,0,0,22.9,23.0,0,0.0,24.0,24.1
2021-09-11,23,토,0,0,23.2,23.3,0,0.0,23.0,23.1
2021-09-12,0,일,0,0,22.6,22.6,0,0.0,23.0,23.0
2021-09-12,1,일,0,0,22.6,22.6,0,0.0,24.0,24.0
2021-09-12,2,일,0,0,22.7,22.7,0,0.0,27.0,27.0
2021-09-12,3,일,0,0,22.6,22.6,0,0.0,23.0,23.0
2021-09-12,4,일,0,0,22.3,22.3,0,0.0,23.0,23.0
2021-09-12,5,일,0,0,22.5,22.5,0,0.0,23.0,23.0
2021-09-12,6,일,0,0,22.5,22.5,0,0.0,23.0,23.0
2021-09-12,7,일,0,0,22.5,22.5,0,0.0,23.0,23.0
2021-09-12,8,일,0,0,22.6,22.6,0,0.0,28.0,28.0
2021-09-12,9,일,0,0,22.7,22.7,0,0.0,24.0,24.0
2021-09-12,10,일,0,0,22.9,22.9,0,0.0,24.0,24.0
2021-09-12,11,일,0,0,24.3,24.3,0,0.0,23.0,23.0
2021-09-12,12,일,0,0,23.7,23.7,0,0.0,23.0,23.0
2021-09-12,13,일,0,0,22.6,22.6,0,0.0,23.0,23.0
2021-09-12,14,일,0,0,23.1,23.1,0,0.0,28.0,28.0
2021-09-12,15,일,0,0,23.8,23.8,0,0.0,24.0,24.0
2021-09-12,16,일,0,0,23.7,23.7,0,0.0,24.0,24.0
2021-09-12,17,일,0,0,23.9,23.9,0,0.0,23.0,23.0
2021-09-12,18,일,0,0,23.5,23.5,0,0.0,24.0,24.0
2021-09-12,19,일,0,0,23.4,23.4,0,0.0,24.0,24.0
2021-09-12,20,일,0,0,22.9,22.9,0,0.0,24.0,24.0
2021-09-12,21,일,0,0,23.2,23.2,0,0.0,28.0,28.0
2021-09-12,22,일,0,0,24.1,24.1,0,0.0,24.0,24.0
2021-09-12,23,일,0,0,23.3,23.3,0,0.0,24.0,24.0
2021-09-13,0,월,0,0,22.7,22.7,0,0.0,23.0,23.0
2021-09-13,1,월,0,0,23.9,23.9,0,0.0,23.0,23.0
2021-09-13,2,월,0,0,23.9,23.8,0,0.0,23.0,23.0
2021-09-13,3,월,0,0,23.2,23.1,0,0.0,25.0,25.0
2021-09-13,4,월,0,0,23.5,23.5,0,0.0,28.0,28.0
2021-09-13,5,월,0,0,22.6,22.6,0,0.0,23.0,23.0
2021-09-13,6,월,0,0,24.1,24.1,0,0.0,24.0,24.0
2021-09-13,7,월,1,196,97.2,97.0,1,196.0,111.0,110.8
2021-09-13,8,월,1,126,184.1,174.1,1,630.0,196.0,186.0
2021-09-13,9,월,1,209,183.1,177.1,1,1043.0,188.0,182.0
2021-09-13,10,월,1,1364,182.9,178.9,1,1924.0,189.0,185.1
2021-09-13,11,월,1,189,184.7,177.4,1,946.0,191.0,183.8
2021-09-13,12,월,1,20,130.5,128.8,1,20.0,130.0,128.4
2021-09-13,13,월,1,399,183.0,178.0,1,1996.0,191.0,185.9
2021-09-13,14,월,1,1018,182.4,178.2,1,1018.0,182.0,177.8
2021-09-13,15,월,1,1138,181.3,177.9,1,1138.0,177.0,173.6
2021-09-13,16,월,1,982,173.0,171.5,1,982.0,182.0,180.4
2021-09-13,17,월,1,435,163.3,162.4,1,435.0,160.0,159.1
2021-09-13,18,월,1,584,165.9,165.2,1,584.0,162.0,161.3
2021-09-13,19,월,1,2820,153.0,153.0,1,2820.0,162.0,162.0
2021-09-13,20,월,1,14,124.5,124.5,1,14.0,126.0,126.0
2021-09-13,21,월,1,72,125.7,125.7,1,72.0,131.0,131.0
2021-09-13,22,월,1,11,114.9,114.9,1,11.0,122.0,122.0
2021-09-13,23,월,1,345,115.5,117.9,1,345.0,123.0,125.4
2021-09-14,0,화,1,2819,71.5,74.5,1,128.0,72.0,75.0
2021-09-14,1,화,1,45,115.7,118.5,1,45.0,116.0,118.8
2021-09-14,2,화,1,479,114.8,114.8,1,479.0,115.0,115.0
2021-09-14,3,화,1,93,116.5,116.5,1,93.0,114.0,114.0
2021-09-14,4,화,1,255,114.4,114.7,1,255.0,115.0,115.3
2021-09-14,5,화,1,817,111.7,112.4,1,76.0,115.0,115.8
2021-09-14,6,화,1,1228,118.5,119.8,1,1228.0,112.0,113.3
2021-09-14,7,화,1,1110,155.8,156.0,1,1110.0,156.0,156.1
2021-09-14,8,화,1,432,182.9,183.8,1,432.0,184.0,184.8
2021-09-14,9,화,1,1672,183.9,184.1,1,1672.0,178.0,178.1
2021-09-14,10,화,1,840,183.4,183.6,1,840.0,161.0,161.2
2021-09-14,11,화,1,2099,184.1,184.3,1,2099.0,180.0,180.2
2021-09-14,12,화,1,2791,142.1,142.1,1,2791.0,135.0,135.0
2021-09-14,13,화,1,1109,182.9,183.1,1,1109.0,173.0,173.2
2021-09-14,14,화,1,1023,183.5,183.7,1,1023.0,162.0,162.3
2021-09-14,15,화,1,1178,182.4,182.7,1,1178.0,175.0,175.3
2021-09-14,16,화,1,1395,181.2,181.5,1,1395.0,165.0,165.3
2021-09-14,17,화,1,230,156.1,156.2,1,230.0,146.0,146.1
2021-09-14,18,화,1,973,164.2,164.5,1,973.0,164.0,164.2
2021-09-14,19,화,1,1497,159.2,159.4,1,1497.0,171.0,171.2
2021-09-14,20,화,1,45,142.9,142.9,1,45.0,130.0,130.0
2021-09-14,21,화,1,149,127.3,127.3,1,149.0,134.0,134.0
2021-09-14,22,화,1,66,117.3,117.3,1,66.0,120.0,120.1
2021-09-14,23,화,1,405,118.2,118.2,1,405.0,119.0,119.1
