date,hour,dow,on,production
2021-09-08,0,수,1,0
2021-09-08,1,수,1,687
2021-09-08,2,수,1,109
2021-09-08,3,수,1,177
2021-09-08,4,수,1,110
2021-09-08,5,수,1,120
2021-09-08,6,수,1,233
2021-09-08,7,수,1,2206
2021-09-08,8,수,1,476
2021-09-08,9,수,1,1154
2021-09-08,10,수,1,1369
2021-09-08,11,수,1,857
2021-09-08,12,수,1,3
2021-09-08,13,수,1,1160
2021-09-08,14,수,1,6214
2021-09-08,15,수,1,1042
2021-09-08,16,수,1,513
2021-09-08,17,수,1,616
2021-09-08,18,수,1,737
2021-09-08,19,수,1,2621
2021-09-08,20,수,1,175
2021-09-08,21,수,1,17
2021-09-08,22,수,1,144
2021-09-08,23,수,1,91
2021-09-09,0,목,1,0
2021-09-09,1,목,1,222
2021-09-09,2,목,1,72
2021-09-09,3,목,1,2
2021-09-09,4,목,1,69
2021-09-09,5,목,1,26
2021-09-09,6,목,1,346
2021-09-09,7,목,1,2056
2021-09-09,8,목,1,87
2021-09-09,9,목,1,225
2021-09-09,10,목,1,250
2021-09-09,11,목,1,138
2021-09-09,12,목,1,194
2021-09-09,13,목,1,308
2021-09-09,14,목,1,533
2021-09-09,15,목,1,178
2021-09-09,16,목,1,190
2021-09-09,17,목,1,494
2021-09-09,18,목,1,1136
2021-09-09,19,목,1,1754
2021-09-09,20,목,1,2
2021-09-09,21,목,1,84
2021-09-09,22,목,1,30
2021-09-09,23,목,1,186
2021-09-10,0,금,1,0
2021-09-10,1,금,1,270
2021-09-10,2,금,1,143
2021-09-10,3,금,1,144
2021-09-10,4,금,1,125
2021-09-10,5,금,1,13
2021-09-10,6,금,1,54
2021-09-10,7,금,1,1875
2021-09-10,8,금,1,39
2021-09-10,9,금,1,208
2021-09-10,10,금,1,282
2021-09-10,11,금,1,329
2021-09-10,12,금,1,480
2021-09-10,13,금,1,168
2021-09-10,14,금,1,194
2021-09-10,15,금,1,356
2021-09-10,16,금,1,5858
2021-09-10,17,금,1,261
2021-09-10,18,금,1,774
2021-09-10,19,금,1,1387
2021-09-10,20,금,1,3
2021-09-10,21,금,1,9
2021-09-10,22,금,1,157
2021-09-10,23,금,1,24
2021-09-11,0,토,1,2819
2021-09-11,1,토,1,4
2021-09-11,2,토,1,2819
2021-09-11,3,토,1,1417
2021-09-11,4,토,1,1693
2021-09-11,5,토,1,2819
2021-09-11,6,토,1,2819
2021-09-11,7,토,1,2819
2021-09-11,8,토,0,0
2021-09-11,9,토,0,0
2021-09-11,10,토,0,0
2021-09-11,11,토,0,0
2021-09-11,12,토,0,0
2021-09-11,13,토,0,0
2021-09-11,14,토,0,0
2021-09-11,15,토,0,0
2021-09-11,16,토,0,0
2021-09-11,17,토,0,0
2021-09-11,18,토,0,0
2021-09-11,19,토,0,0
2021-09-11,20,토,0,0
2021-09-11,21,토,0,0
2021-09-11,22,토,0,0
2021-09-11,23,토,0,0
2021-09-12,0,일,0,0
2021-09-12,1,일,0,0
2021-09-12,2,일,0,0
2021-09-12,3,일,0,0
2021-09-12,4,일,0,0
2021-09-12,5,일,0,0
2021-09-12,6,일,0,0
2021-09-12,7,일,0,0
2021-09-12,8,일,0,0
2021-09-12,9,일,0,0
2021-09-12,10,일,0,0
2021-09-12,11,일,0,0
2021-09-12,12,일,0,0
2021-09-12,13,일,0,0
2021-09-12,14,일,0,0
2021-09-12,15,일,0,0
2021-09-12,16,일,0,0
2021-09-12,17,일,0,0
2021-09-12,18,일,0,0
2021-09-12,19,일,0,0
2021-09-12,20,일,0,0
2021-09-12,21,일,0,0
2021-09-12,22,일,0,0
2021-09-12,23,일,0,0
2021-09-13,0,월,0,0
2021-09-13,1,월,0,0
2021-09-13,2,월,0,0
2021-09-13,3,월,0,0
2021-09-13,4,월,0,0
2021-09-13,5,월,0,0
2021-09-13,6,월,0,0
2021-09-13,7,월,1,196
2021-09-13,8,월,1,126
2021-09-13,9,월,1,209
2021-09-13,10,월,1,1364
2021-09-13,11,월,1,189
2021-09-13,12,월,1,20
2021-09-13,13,월,1,399
2021-09-13,14,월,1,1018
2021-09-13,15,월,1,1138
2021-09-13,16,월,1,982
2021-09-13,17,월,1,435
2021-09-13,18,월,1,584
2021-09-13,19,월,1,2820
2021-09-13,20,월,1,14
2021-09-13,21,월,1,72
2021-09-13,22,월,1,11
2021-09-13,23,월,1,345
2021-09-14,0,화,1,2819
2021-09-14,1,화,1,45
2021-09-14,2,화,1,479
2021-09-14,3,화,1,93
2021-09-14,4,화,1,255
2021-09-14,5,화,1,817
2021-09-14,6,화,1,1228
2021-09-14,7,화,1,1110
2021-09-14,8,화,1,432
2021-09-14,9,화,1,1672
2021-09-14,10,화,1,840
2021-09-14,11,화,1,2099
2021-09-14,12,화,1,2791
2021-09-14,13,화,1,1109
2021-09-14,14,화,1,1023
2021-09-14,15,화,1,1178
2021-09-14,16,화,1,1395
2021-09-14,17,화,1,230
2021-09-14,18,화,1,973
2021-09-14,19,화,1,1497
2021-09-14,20,화,1,45
2021-09-14,21,화,1,149
2021-09-14,22,화,1,66
2021-09-14,23,화,1,405
