date,day_max,on_hours,on_at_0h,on_at_23h,first_on_hour,last_on_hour,production_sum,production_hours,operating,day_type,dow,calendar_type,calendar_says_off,production_operating,split,is_copied_day,copied_from
2021-01-01,116.0,8,1,0,0.0,7.0,0,0,1,가동 종료일,금,공휴일,1,0,train,0,
2021-01-02,116.0,8,1,0,0.0,7.0,0,0,1,가동 종료일,토,주말,1,0,train,0,
2021-01-03,27.0,0,0,0,,,0,0,0,비가동,일,주말,1,0,train,0,
2021-01-04,173.0,24,1,1,0.0,23.0,13672,13,1,종일 가동,월,평일,0,1,train,0,
2021-01-05,26.0,0,0,0,,,0,0,0,비가동,화,평일,0,0,train,0,
2021-01-06,26.0,0,0,0,,,0,0,0,비가동,수,평일,0,0,train,1,2021-01-05
2021-01-07,182.0,17,0,1,7.0,23.0,16805,20,1,가동 시작일,목,평일,0,1,train,0,
2021-01-08,180.0,24,1,1,0.0,23.0,21783,21,1,종일 가동,금,평일,0,1,train,0,
2021-01-09,181.0,17,1,1,0.0,23.0,667,4,1,중간 정지,토,주말,1,1,train,0,
2021-01-10,177.0,12,1,1,0.0,23.0,0,0,1,중간 정지,일,주말,1,0,train,0,
2021-01-11,175.0,24,1,1,0.0,23.0,11267,16,1,종일 가동,월,평일,0,1,train,0,
2021-01-12,26.0,0,0,0,,,0,0,0,비가동,화,평일,0,0,train,1,2021-01-05
2021-01-13,26.0,0,0,0,,,0,0,0,비가동,수,평일,0,0,train,1,2021-01-05
2021-01-14,204.0,17,0,1,7.0,23.0,17561,21,1,가동 시작일,목,평일,0,1,train,0,
2021-01-15,198.0,24,1,1,0.0,23.0,14345,21,1,종일 가동,금,평일,0,1,train,0,
2021-01-16,185.0,14,1,1,0.0,23.0,699,5,1,중간 정지,토,주말,1,1,train,0,
2021-01-17,197.0,24,1,1,0.0,23.0,24,1,1,종일 가동,일,주말,1,1,train,0,
2021-01-18,186.0,24,1,1,0.0,23.0,15145,16,1,종일 가동,월,평일,0,1,train,0,
2021-01-19,26.0,0,0,0,,,0,0,0,비가동,화,평일,0,0,train,1,2021-01-05
2021-01-20,26.0,0,0,0,,,0,0,0,비가동,수,평일,0,0,train,1,2021-01-05
2021-01-21,208.0,17,0,1,7.0,23.0,17215,24,1,가동 시작일,목,평일,0,1,train,0,
2021-01-22,189.0,24,1,1,0.0,23.0,15307,22,1,종일 가동,금,평일,0,1,train,0,
2021-01-23,174.0,24,1,1,0.0,23.0,3180,9,1,종일 가동,토,주말,1,1,train,0,
2021-01-24,190.0,24,1,1,0.0,23.0,0,0,1,종일 가동,일,주말,1,0,train,0,
2021-01-25,186.0,24,1,1,0.0,23.0,14441,15,1,종일 가동,월,평일,0,1,train,0,
2021-01-26,26.0,0,0,0,,,0,0,0,비가동,화,평일,0,0,train,1,2021-01-05
2021-01-27,26.0,0,0,0,,,0,0,0,비가동,수,평일,0,0,train,1,2021-01-05
2021-01-28,198.0,17,0,1,7.0,23.0,13830,23,1,가동 시작일,목,평일,0,1,train,0,
2021-01-29,222.0,24,1,1,0.0,23.0,16340,23,1,종일 가동,금,평일,0,1,train,0,
2021-01-30,193.0,24,1,1,0.0,23.0,1532,8,1,종일 가동,토,주말,1,1,train,0,
2021-01-31,26.0,0,0,0,,,0,0,0,비가동,일,주말,1,0,train,1,2021-01-05
2021-02-01,195.0,24,1,1,0.0,23.0,20368,16,1,종일 가동,월,평일,0,1,train,0,
2021-02-02,191.0,24,1,1,0.0,23.0,20128,23,1,종일 가동,화,평일,0,1,train,0,
2021-02-03,181.0,24,1,1,0.0,23.0,14536,24,1,종일 가동,수,평일,0,1,train,0,
2021-02-04,173.0,24,1,1,0.0,23.0,14411,24,1,종일 가동,목,평일,0,1,train,1,2021-01-04
2021-02-05,116.0,8,1,0,0.0,7.0,19048,22,1,가동 종료일,금,평일,0,1,train,1,2021-01-02
2021-02-06,113.0,8,1,0,0.0,7.0,2871,7,1,가동 종료일,토,주말,1,1,train,0,
2021-02-07,27.0,0,0,0,,,0,0,0,비가동,일,주말,1,0,train,0,
2021-02-08,180.0,24,1,1,0.0,23.0,15707,15,1,종일 가동,월,평일,0,1,train,1,2021-01-08
2021-02-09,181.0,24,1,1,0.0,23.0,15164,24,1,종일 가동,화,평일,0,1,train,0,
2021-02-10,177.0,24,1,1,0.0,23.0,7576,15,1,종일 가동,수,평일,0,1,train,0,
2021-02-11,175.0,24,1,1,0.0,23.0,0,0,1,종일 가동,목,공휴일,1,0,train,1,2021-01-11
2021-02-12,113.0,8,1,0,0.0,7.0,0,0,1,가동 종료일,금,공휴일,1,0,train,1,2021-02-06
2021-02-13,113.0,8,1,0,0.0,7.0,0,0,1,가동 종료일,토,주말,1,0,train,1,2021-02-06
2021-02-14,27.0,0,0,0,,,0,0,0,비가동,일,주말,1,0,train,1,2021-02-07
2021-02-15,198.0,24,1,1,0.0,23.0,15827,15,1,종일 가동,월,평일,0,1,train,1,2021-01-15
2021-02-16,193.0,24,1,1,0.0,23.0,19266,24,1,종일 가동,화,평일,0,1,train,0,
2021-02-17,197.0,24,1,1,0.0,23.0,19628,24,1,종일 가동,수,평일,0,1,train,1,2021-01-17
2021-02-18,186.0,24,1,1,0.0,23.0,16183,21,1,종일 가동,목,평일,0,1,train,1,2021-01-18
2021-02-19,119.0,8,1,0,0.0,7.0,20786,24,1,가동 종료일,금,평일,0,1,train,0,
2021-02-20,113.0,8,1,0,0.0,7.0,2428,8,1,가동 종료일,토,주말,1,1,train,1,2021-02-06
2021-02-21,27.0,0,0,0,,,0,0,0,비가동,일,주말,1,0,train,1,2021-02-07
2021-02-22,189.0,24,1,1,0.0,23.0,20273,16,1,종일 가동,월,평일,0,1,train,1,2021-01-22
2021-02-23,174.0,24,1,1,0.0,23.0,20049,24,1,종일 가동,화,평일,0,1,train,1,2021-01-23
2021-02-24,190.0,24,1,1,0.0,23.0,14979,23,1,종일 가동,수,평일,0,1,train,1,2021-01-24
2021-02-25,186.0,24,1,1,0.0,23.0,19571,21,1,종일 가동,목,평일,0,1,train,1,2021-01-25
2021-02-26,131.0,8,1,0,0.0,7.0,16936,23,1,가동 종료일,금,평일,0,1,train,0,
2021-02-27,113.0,8,1,0,0.0,7.0,2365,9,1,가동 종료일,토,주말,1,1,train,1,2021-02-06
2021-02-28,27.0,0,0,0,,,0,0,0,비가동,일,주말,1,0,train,1,2021-02-07
2021-03-01,195.0,24,1,1,0.0,23.0,0,0,1,종일 가동,월,공휴일,1,0,train,1,2021-02-01
2021-03-02,191.0,24,1,1,0.0,23.0,18267,17,1,종일 가동,화,평일,0,1,train,1,2021-02-02
2021-03-03,181.0,24,1,1,0.0,23.0,17220,23,1,종일 가동,수,평일,0,1,train,1,2021-02-03
2021-03-04,173.0,24,1,1,0.0,23.0,14500,23,1,종일 가동,목,평일,0,1,train,1,2021-01-04
2021-03-05,26.0,0,0,0,,,0,0,0,비가동,금,평일,0,0,train,1,2021-01-05
2021-03-06,116.0,8,1,0,0.0,7.0,2362,8,1,가동 종료일,토,주말,1,1,train,1,2021-01-02
2021-03-07,182.0,17,0,1,7.0,23.0,0,0,1,가동 시작일,일,주말,1,0,train,0,
2021-03-08,180.0,24,1,1,0.0,23.0,14362,16,1,종일 가동,월,평일,0,1,train,1,2021-01-08
2021-03-09,181.0,24,1,1,0.0,23.0,17492,23,1,종일 가동,화,평일,0,1,train,1,2021-02-09
2021-03-10,177.0,24,1,1,0.0,23.0,13519,21,1,종일 가동,수,평일,0,1,train,1,2021-02-10
2021-03-11,175.0,24,1,1,0.0,23.0,17899,23,1,종일 가동,목,평일,0,1,train,1,2021-01-11
2021-03-12,26.0,0,0,0,,,0,0,0,비가동,금,평일,0,0,train,1,2021-01-05
2021-03-13,116.0,8,1,0,0.0,7.0,1610,9,1,가동 종료일,토,주말,1,1,train,1,2021-01-02
2021-03-14,204.0,17,0,1,7.0,23.0,0,0,1,가동 시작일,일,주말,1,0,train,1,2021-01-14
2021-03-15,198.0,24,1,1,0.0,23.0,16373,16,1,종일 가동,월,평일,0,1,train,1,2021-01-15
2021-03-16,193.0,24,1,1,0.0,23.0,19441,24,1,종일 가동,화,평일,0,1,train,1,2021-02-16
2021-03-17,197.0,24,1,1,0.0,23.0,15807,23,1,종일 가동,수,평일,0,1,train,1,2021-01-17
2021-03-18,186.0,24,1,1,0.0,23.0,15939,23,1,종일 가동,목,평일,0,1,train,1,2021-01-18
2021-03-19,26.0,0,0,0,,,0,0,0,비가동,금,평일,0,0,train,1,2021-01-05
2021-03-20,116.0,8,1,0,0.0,7.0,1297,7,1,가동 종료일,토,주말,1,1,train,1,2021-01-02
2021-03-21,208.0,16,0,1,8.0,23.0,0,0,1,가동 시작일,일,주말,1,0,train,0,
2021-03-22,189.0,24,1,1,0.0,23.0,20869,16,1,종일 가동,월,평일,0,1,train,1,2021-01-22
2021-03-23,174.0,24,1,1,0.0,23.0,21418,24,1,종일 가동,화,평일,0,1,train,1,2021-01-23
2021-03-24,190.0,24,1,1,0.0,23.0,16284,21,1,종일 가동,수,평일,0,1,train,1,2021-01-24
2021-03-25,186.0,24,1,1,0.0,23.0,18867,21,1,종일 가동,목,평일,0,1,train,1,2021-01-25
2021-03-26,26.0,0,0,0,,,0,0,0,비가동,금,평일,0,0,train,1,2021-01-05
2021-03-27,116.0,8,1,0,0.0,7.0,1967,7,1,가동 종료일,토,주말,1,1,train,1,2021-01-02
2021-03-28,198.0,16,0,1,8.0,23.0,0,0,1,가동 시작일,일,주말,1,0,train,0,
2021-03-29,222.0,24,1,1,0.0,23.0,15502,17,1,종일 가동,월,평일,0,1,train,1,2021-01-29
2021-03-30,193.0,24,1,1,0.0,23.0,24212,24,1,종일 가동,화,평일,0,1,train,1,2021-01-30
2021-03-31,26.0,0,0,0,,,0,0,0,비가동,수,평일,0,0,train,1,2021-01-05
2021-04-01,184.0,17,0,1,7.0,23.0,14821,22,1,가동 시작일,목,평일,0,1,train,0,
2021-04-02,181.0,24,1,1,0.0,23.0,2134,7,1,종일 가동,금,평일,0,1,train,0,
2021-04-03,118.0,8,1,0,0.0,7.0,56,1,1,가동 종료일,토,주말,1,1,train,0,
2021-04-04,26.0,0,0,0,,,0,0,0,비가동,일,주말,1,0,train,0,
2021-04-05,184.0,17,0,1,7.0,23.0,17709,16,1,가동 시작일,월,평일,0,1,train,1,2021-04-01
2021-04-06,181.0,24,1,1,0.0,23.0,18060,24,1,종일 가동,화,평일,0,1,train,1,2021-04-02
2021-04-07,199.0,17,0,1,7.0,23.0,16556,23,1,가동 시작일,수,평일,0,1,train,0,
2021-04-08,181.0,24,1,1,0.0,23.0,15068,22,1,종일 가동,목,평일,0,1,train,0,
2021-04-09,184.0,17,0,1,7.0,23.0,15895,23,1,가동 시작일,금,평일,0,1,train,0,
2021-04-10,115.0,8,1,0,0.0,7.0,3055,7,1,가동 종료일,토,주말,1,1,train,0,
2021-04-11,25.0,0,0,0,,,0,0,0,비가동,일,주말,1,0,train,0,
2021-04-12,182.0,24,1,1,0.0,23.0,16126,15,1,종일 가동,월,평일,0,1,train,0,
2021-04-13,182.0,24,1,1,0.0,23.0,20850,20,1,종일 가동,화,평일,0,1,train,1,2021-04-12
2021-04-14,182.0,24,1,1,0.0,23.0,17711,23,1,종일 가동,수,평일,0,1,train,1,2021-04-12
2021-04-15,182.0,24,1,1,0.0,23.0,16202,22,1,종일 가동,목,평일,0,1,train,1,2021-04-12
2021-04-16,182.0,24,1,1,0.0,23.0,19753,23,1,종일 가동,금,평일,0,1,train,1,2021-04-12
2021-04-17,115.0,8,1,0,0.0,7.0,2978,8,1,가동 종료일,토,주말,1,1,train,1,2021-04-10
2021-04-18,25.0,0,0,0,,,0,0,0,비가동,일,주말,1,0,train,1,2021-04-11
2021-04-19,172.0,17,0,1,7.0,23.0,14814,14,1,가동 시작일,월,평일,0,1,train,0,
2021-04-20,172.0,17,0,1,7.0,23.0,15647,23,1,가동 시작일,화,평일,0,1,train,1,2021-04-19
2021-04-21,174.0,24,1,1,0.0,23.0,15654,18,1,종일 가동,수,평일,0,1,train,0,
2021-04-22,174.0,24,1,1,0.0,23.0,17361,22,1,종일 가동,목,평일,0,1,train,1,2021-04-21
2021-04-23,174.0,24,1,1,0.0,23.0,13853,21,1,종일 가동,금,평일,0,1,train,1,2021-04-21
2021-04-24,112.0,8,1,0,0.0,7.0,2904,7,1,가동 종료일,토,주말,1,1,train,0,
2021-04-25,25.0,0,0,0,,,0,0,0,비가동,일,주말,1,0,train,1,2021-04-11
2021-04-26,176.0,24,1,1,0.0,23.0,14427,17,1,종일 가동,월,평일,0,1,train,0,
2021-04-27,176.0,24,1,1,0.0,23.0,26142,23,1,종일 가동,화,평일,0,1,train,1,2021-04-26
2021-04-28,175.0,24,1,1,0.0,23.0,18926,23,1,종일 가동,수,평일,0,1,train,0,
2021-04-29,175.0,24,1,1,0.0,23.0,20601,23,1,종일 가동,목,평일,0,1,train,1,2021-04-28
2021-04-30,174.0,24,1,1,0.0,23.0,15617,23,1,종일 가동,금,평일,0,1,train,1,2021-04-21
2021-05-01,118.0,8,1,0,0.0,7.0,2792,8,1,가동 종료일,토,주말,1,1,train,1,2021-04-03
2021-05-02,26.0,0,0,0,,,0,0,0,비가동,일,주말,1,0,train,1,2021-04-04
2021-05-03,184.0,17,0,1,7.0,23.0,14606,16,1,가동 시작일,월,평일,0,1,train,1,2021-04-01
2021-05-04,181.0,24,1,1,0.0,23.0,16356,24,1,종일 가동,화,평일,0,1,train,1,2021-04-02
2021-05-05,120.0,8,1,0,0.0,7.0,2190,8,1,가동 종료일,수,공휴일,1,1,train,0,
2021-05-06,199.0,17,0,1,7.0,23.0,21648,16,1,가동 시작일,목,평일,0,1,train,1,2021-04-07
2021-05-07,181.0,24,1,1,0.0,23.0,15641,23,1,종일 가동,금,평일,0,1,train,1,2021-04-08
2021-05-08,115.0,8,1,0,0.0,7.0,2848,8,1,가동 종료일,토,주말,1,1,train,1,2021-04-10
2021-05-09,184.0,17,0,1,7.0,23.0,0,0,1,가동 시작일,일,주말,1,0,train,1,2021-04-09
2021-05-10,184.0,17,0,1,7.0,23.0,16646,16,1,가동 시작일,월,평일,0,1,train,1,2021-04-09
2021-05-11,185.0,24,1,1,0.0,23.0,22088,22,1,종일 가동,화,평일,0,1,train,0,
2021-05-12,184.0,24,1,1,0.0,23.0,20189,23,1,종일 가동,수,평일,0,1,train,0,
2021-05-13,176.0,24,1,1,0.0,23.0,17668,24,1,종일 가동,목,평일,0,1,train,0,
2021-05-14,157.0,24,1,1,0.0,23.0,17374,21,1,종일 가동,금,평일,0,1,train,0,
2021-05-15,105.0,8,1,0,0.0,7.0,742,4,1,가동 종료일,토,주말,1,1,train,0,
2021-05-16,25.0,0,0,0,,,0,0,0,비가동,일,주말,1,0,train,1,2021-04-11
2021-05-17,192.0,17,0,1,7.0,23.0,13391,17,1,가동 시작일,월,평일,0,1,train,0,
2021-05-18,182.0,24,1,1,0.0,23.0,23411,24,1,종일 가동,화,평일,0,1,train,1,2021-04-12
2021-05-19,108.0,8,1,0,0.0,7.0,2990,8,1,가동 종료일,수,공휴일,1,1,train,0,
2021-05-20,181.0,17,0,1,7.0,23.0,15890,15,1,가동 시작일,목,평일,0,1,train,0,
2021-05-21,160.0,24,1,1,0.0,23.0,24516,22,1,종일 가동,금,평일,0,1,train,0,
2021-05-22,112.0,8,1,0,0.0,7.0,2543,5,1,가동 종료일,토,주말,1,1,train,1,2021-04-24
2021-05-23,25.0,0,0,0,,,0,0,0,비가동,일,주말,1,0,train,0,
2021-05-24,172.0,17,0,1,7.0,23.0,16585,15,1,가동 시작일,월,평일,0,1,train,1,2021-04-19
2021-05-25,174.0,24,1,1,0.0,23.0,22021,23,1,종일 가동,화,평일,0,1,train,1,2021-04-21
2021-05-26,166.0,24,1,1,0.0,23.0,19944,23,1,종일 가동,수,평일,0,1,train,0,
2021-05-27,176.0,24,1,1,0.0,23.0,20617,23,1,종일 가동,목,평일,0,1,train,1,2021-04-26
2021-05-28,175.0,24,1,1,0.0,23.0,18873,24,1,종일 가동,금,평일,0,1,train,1,2021-04-28
2021-05-29,107.0,8,1,0,0.0,7.0,3071,8,1,가동 종료일,토,주말,1,1,train,0,
2021-05-30,26.0,0,0,0,,,0,0,0,비가동,일,주말,1,0,train,1,2021-01-05
2021-05-31,172.0,17,0,1,7.0,23.0,17276,16,1,가동 시작일,월,평일,0,1,train,0,
2021-06-01,195.0,24,1,1,0.0,23.0,17704,24,1,종일 가동,화,평일,0,1,train,1,2021-02-01
2021-06-02,191.0,24,1,1,0.0,23.0,23620,21,1,종일 가동,수,평일,0,1,train,1,2021-02-02
2021-06-03,181.0,24,1,1,0.0,23.0,22814,23,1,종일 가동,목,평일,0,1,train,1,2021-02-03
2021-06-04,173.0,24,1,1,0.0,23.0,16443,23,1,종일 가동,금,평일,0,1,train,1,2021-01-04
2021-06-05,116.0,8,1,0,0.0,7.0,1321,8,1,가동 종료일,토,주말,1,1,train,1,2021-01-02
2021-06-06,27.0,0,0,0,,,0,0,0,비가동,일,주말,1,0,train,1,2021-01-03
2021-06-07,182.0,17,0,1,7.0,23.0,16624,16,1,가동 시작일,월,평일,0,1,train,1,2021-01-07
2021-06-08,180.0,24,1,1,0.0,23.0,17157,24,1,종일 가동,화,평일,0,1,train,1,2021-01-08
2021-06-09,181.0,24,1,1,0.0,23.0,16670,22,1,종일 가동,수,평일,0,1,train,1,2021-02-09
2021-06-10,177.0,24,1,1,0.0,23.0,13267,21,1,종일 가동,목,평일,0,1,train,1,2021-02-10
2021-06-11,175.0,24,1,1,0.0,23.0,16121,23,1,종일 가동,금,평일,0,1,train,1,2021-01-11
2021-06-12,113.0,8,1,0,0.0,7.0,2422,7,1,가동 종료일,토,주말,1,1,train,1,2021-02-06
2021-06-13,27.0,0,0,0,,,0,0,0,비가동,일,주말,1,0,train,1,2021-02-07
2021-06-14,204.0,17,0,1,7.0,23.0,13133,14,1,가동 시작일,월,평일,0,1,train,1,2021-01-14
2021-06-15,198.0,24,1,1,0.0,23.0,21534,22,1,종일 가동,화,평일,0,1,train,1,2021-01-15
2021-06-16,193.0,24,1,1,0.0,23.0,16985,23,1,종일 가동,수,평일,0,1,train,1,2021-02-16
2021-06-17,197.0,24,1,1,0.0,23.0,16681,23,1,종일 가동,목,평일,0,1,train,1,2021-01-17
2021-06-18,186.0,24,1,1,0.0,23.0,16376,22,1,종일 가동,금,평일,0,1,train,1,2021-01-18
2021-06-19,119.0,8,1,0,0.0,7.0,1559,7,1,가동 종료일,토,주말,1,1,train,1,2021-02-19
2021-06-20,28.0,0,0,0,,,0,0,0,비가동,일,주말,1,0,train,0,
2021-06-21,208.0,17,0,1,7.0,23.0,15640,16,1,가동 시작일,월,평일,0,1,train,1,2021-01-21
2021-06-22,189.0,24,1,1,0.0,23.0,19284,23,1,종일 가동,화,평일,0,1,train,1,2021-01-22
2021-06-23,174.0,24,1,1,0.0,23.0,18895,24,1,종일 가동,수,평일,0,1,train,1,2021-01-23
2021-06-24,190.0,24,1,1,0.0,23.0,17643,23,1,종일 가동,목,평일,0,1,train,1,2021-01-24
2021-06-25,186.0,24,1,1,0.0,23.0,17958,23,1,종일 가동,금,평일,0,1,train,1,2021-01-25
2021-06-26,131.0,8,1,0,0.0,7.0,3813,6,1,가동 종료일,토,주말,1,1,train,1,2021-02-26
2021-06-27,31.0,0,0,0,,,0,0,0,비가동,일,주말,1,0,train,0,
2021-06-28,198.0,17,0,1,7.0,23.0,17807,15,1,가동 시작일,월,평일,0,1,train,1,2021-01-28
2021-06-29,222.0,24,1,1,0.0,23.0,21196,23,1,종일 가동,화,평일,0,1,train,1,2021-01-29
2021-06-30,193.0,24,1,1,0.0,23.0,18575,21,1,종일 가동,수,평일,0,1,train,1,2021-01-30
2021-07-01,206.0,24,1,1,0.0,23.0,18353,24,1,종일 가동,목,평일,0,1,train,0,
2021-07-02,187.0,24,1,1,0.0,23.0,19849,22,1,종일 가동,금,평일,0,1,train,0,
2021-07-03,112.0,8,1,0,0.0,7.0,1735,6,1,가동 종료일,토,주말,1,1,train,0,
2021-07-04,28.0,0,0,0,,,0,0,0,비가동,일,주말,1,0,train,0,
2021-07-05,185.0,17,0,1,7.0,23.0,15715,16,1,가동 시작일,월,평일,0,1,train,0,
2021-07-06,193.0,24,1,1,0.0,23.0,16581,23,1,종일 가동,화,평일,0,1,train,0,
2021-07-07,203.0,24,1,1,0.0,23.0,19407,23,1,종일 가동,수,평일,0,1,train,0,
2021-07-08,201.0,24,1,1,0.0,23.0,19519,21,1,종일 가동,목,평일,0,1,train,0,
2021-07-09,192.0,24,1,1,0.0,23.0,16527,18,1,종일 가동,금,평일,0,1,train,0,
2021-07-10,106.0,8,1,0,0.0,7.0,487,5,1,가동 종료일,토,주말,1,1,train,0,
2021-07-11,28.0,0,0,0,,,0,0,0,비가동,일,주말,1,0,train,0,
2021-07-12,198.0,17,0,1,7.0,23.0,17043,16,1,가동 시작일,월,평일,0,1,train,0,
2021-07-13,190.0,24,1,1,0.0,23.0,0,0,1,종일 가동,화,평일,0,0,train,0,
2021-07-14,195.0,24,1,1,0.0,23.0,17253,23,1,종일 가동,수,평일,0,1,train,0,
2021-07-15,202.0,24,1,1,0.0,23.0,0,0,1,종일 가동,목,평일,0,0,train,0,
2021-07-16,197.0,24,1,1,0.0,23.0,24412,24,1,종일 가동,금,평일,0,1,train,0,
2021-07-17,110.0,8,1,0,0.0,7.0,1867,8,1,가동 종료일,토,주말,1,1,train,0,
2021-07-18,28.0,0,0,0,,,0,0,0,비가동,일,주말,1,0,train,0,
2021-07-19,222.0,17,0,1,7.0,23.0,13584,15,1,가동 시작일,월,평일,0,1,train,0,
2021-07-20,201.0,24,1,1,0.0,23.0,23473,23,1,종일 가동,화,평일,0,1,train,0,
2021-07-21,214.0,24,1,1,0.0,23.0,19461,23,1,종일 가동,수,평일,0,1,train,0,
2021-07-22,213.0,24,1,1,0.0,23.0,15801,22,1,종일 가동,목,평일,0,1,train,0,
2021-07-23,206.0,24,1,1,0.0,23.0,23560,21,1,종일 가동,금,평일,0,1,train,0,
2021-07-24,104.0,8,1,0,0.0,7.0,2319,7,1,가동 종료일,토,주말,1,1,train,0,
2021-07-25,29.0,0,0,0,,,0,0,0,비가동,일,주말,1,0,train,0,
2021-07-26,217.0,17,0,1,7.0,23.0,24022,14,1,가동 시작일,월,평일,0,1,train,0,
2021-07-27,211.0,24,1,1,0.0,23.0,20776,24,1,종일 가동,화,평일,0,1,train,0,
2021-07-28,212.0,24,1,1,0.0,23.0,24285,24,1,종일 가동,수,평일,0,1,train,0,
2021-07-29,211.0,24,1,1,0.0,23.0,25698,23,1,종일 가동,목,평일,0,1,train,0,
2021-07-30,212.0,24,1,1,0.0,23.0,12688,16,1,종일 가동,금,평일,0,1,train,1,2021-07-28
2021-07-31,28.0,0,0,0,,,0,0,0,비가동,토,주말,1,0,train,0,
2021-08-01,28.0,0,0,0,,,0,0,0,비가동,일,주말,1,0,train,0,
2021-08-02,26.0,0,0,0,,,0,0,0,비가동,월,평일,0,0,train,0,
2021-08-03,26.0,0,0,0,,,0,0,0,비가동,화,평일,0,0,train,0,
2021-08-04,26.0,0,0,0,,,0,0,0,비가동,수,평일,0,0,train,0,
2021-08-05,26.0,0,0,0,,,0,0,0,비가동,목,평일,0,0,train,0,
2021-08-06,27.0,0,0,0,,,0,0,0,비가동,금,평일,0,0,train,0,
2021-08-07,26.0,0,0,0,,,0,0,0,비가동,토,주말,1,0,train,0,
2021-08-08,26.0,0,0,0,,,0,0,0,비가동,일,주말,1,0,train,0,
2021-08-09,215.0,17,0,1,7.0,23.0,20689,15,1,가동 시작일,월,평일,0,1,train,0,
2021-08-10,195.0,24,1,1,0.0,23.0,17425,21,1,종일 가동,화,평일,0,1,train,0,
2021-08-11,218.0,24,1,1,0.0,23.0,19587,23,1,종일 가동,수,평일,0,1,train,0,
2021-08-12,199.0,24,1,1,0.0,23.0,22339,21,1,종일 가동,목,평일,0,1,train,0,
2021-08-13,207.0,24,1,1,0.0,23.0,17668,22,1,종일 가동,금,평일,0,1,train,0,
2021-08-14,108.0,8,1,0,0.0,7.0,1529,7,1,가동 종료일,토,주말,1,1,train,0,
2021-08-15,28.0,0,0,0,,,0,0,0,비가동,일,주말,1,0,train,0,
2021-08-16,190.0,17,0,1,7.0,23.0,10238,15,1,가동 시작일,월,공휴일,1,1,train,0,
2021-08-17,173.0,24,1,1,0.0,23.0,29279,23,1,종일 가동,화,평일,0,1,train,0,
2021-08-18,188.0,24,1,1,0.0,23.0,20063,24,1,종일 가동,수,평일,0,1,train,0,
2021-08-19,188.0,24,1,1,0.0,23.0,25976,24,1,종일 가동,목,평일,0,1,train,0,
2021-08-20,193.0,24,1,1,0.0,23.0,25213,24,1,종일 가동,금,평일,0,1,train,0,
2021-08-21,110.0,8,1,0,0.0,7.0,3794,8,1,가동 종료일,토,주말,1,1,train,0,
2021-08-22,27.0,0,0,0,,,0,0,0,비가동,일,주말,1,0,train,0,
2021-08-23,196.0,17,0,1,7.0,23.0,16580,16,1,가동 시작일,월,평일,0,1,train,0,
2021-08-24,201.0,24,1,1,0.0,23.0,16955,22,1,종일 가동,화,평일,0,1,train,0,
2021-08-25,189.0,24,1,1,0.0,23.0,22076,23,1,종일 가동,수,평일,0,1,train,0,
2021-08-26,202.0,24,1,1,0.0,23.0,20064,24,1,종일 가동,목,평일,0,1,train,0,
2021-08-27,190.0,24,1,1,0.0,23.0,25769,23,1,종일 가동,금,평일,0,1,train,0,
2021-08-28,119.0,10,1,0,0.0,17.0,1799,8,1,가동 종료일,토,주말,1,1,train,0,
2021-08-29,41.0,0,0,0,,,0,0,0,비가동,일,주말,1,0,train,0,
2021-08-30,186.0,17,0,1,7.0,23.0,10719,16,1,가동 시작일,월,평일,0,1,train,0,
2021-08-31,187.0,24,1,1,0.0,23.0,16443,24,1,종일 가동,화,평일,0,1,train,0,
2021-09-01,198.0,24,1,1,0.0,23.0,19638,24,1,종일 가동,수,평일,0,1,test,0,
2021-09-02,198.0,24,1,1,0.0,23.0,19351,24,1,종일 가동,목,평일,0,1,test,0,
2021-09-03,190.0,24,1,1,0.0,23.0,12845,24,1,종일 가동,금,평일,0,1,test,0,
2021-09-04,116.0,9,1,0,0.0,16.0,3431,8,1,가동 종료일,토,주말,1,1,test,0,
2021-09-05,28.0,0,0,0,,,0,0,0,비가동,일,주말,1,0,test,0,
2021-09-06,190.0,17,0,1,7.0,23.0,16628,16,1,가동 시작일,월,평일,0,1,test,0,
2021-09-07,192.0,24,1,1,0.0,23.0,16424,22,1,종일 가동,화,평일,0,1,test,0,
2021-09-08,183.0,24,1,1,0.0,23.0,20831,23,1,종일 가동,수,평일,0,1,test,0,
2021-09-09,190.0,24,1,1,0.0,23.0,17162,23,1,종일 가동,목,평일,0,1,test,0,
2021-09-10,204.0,24,1,1,0.0,23.0,18789,23,1,종일 가동,금,평일,0,1,test,0,
2021-09-11,107.0,8,1,0,0.0,7.0,2173,6,1,가동 종료일,토,주말,1,1,test,0,
2021-09-12,28.0,0,0,0,,,0,0,0,비가동,일,주말,1,0,test,0,
2021-09-13,196.0,17,0,1,7.0,23.0,14174,17,1,가동 시작일,월,평일,0,1,test,0,
2021-09-14,184.0,24,1,1,0.0,23.0,19318,24,1,종일 가동,화,평일,0,1,test,0,
