Date,split,rf_probability,xgb_probability
2021-08-01 00:00:00,validation,0.0,0.00021738786
2021-08-01 01:00:00,validation,0.0024650522639708735,0.00020501198
2021-08-01 02:00:00,validation,0.0011733510992671553,0.0005040997
2021-08-01 03:00:00,validation,0.0,0.00062903424
2021-08-01 04:00:00,validation,0.0014639220650558647,0.00023203749
2021-08-01 05:00:00,validation,0.003537547977906705,0.00027528254
2021-08-01 06:00:00,validation,0.0,0.0006999743
2021-08-01 07:00:00,validation,0.0,0.00029900853
2021-08-01 08:00:00,validation,0.03386087469843168,0.0015965345
2021-08-01 09:00:00,validation,0.03933382043092319,0.0020176012
2021-08-01 10:00:00,validation,0.01322824261937156,0.0009059211
2021-08-01 11:00:00,validation,0.031979501983697256,0.0010857561
2021-08-01 12:00:00,validation,0.01051780926429458,0.00030897485
2021-08-01 13:00:00,validation,0.012347376243183054,0.0016894967
2021-08-01 14:00:00,validation,0.011764285924271286,0.0008082188
2021-08-01 15:00:00,validation,0.005015724360207562,0.0005256051
2021-08-01 16:00:00,validation,0.006818433920556199,0.0010475358
2021-08-01 17:00:00,validation,0.005565296456227531,0.0015183506
2021-08-01 18:00:00,validation,0.005015724360207562,0.00053866033
2021-08-01 19:00:00,validation,0.0024650522639708735,0.00018237009
2021-08-01 20:00:00,validation,0.0,0.0003953215
2021-08-01 21:00:00,validation,0.0016303265080243499,0.0006799563
2021-08-01 22:00:00,validation,0.0026314567069393585,0.00030351113
2021-08-01 23:00:00,validation,0.0024650522639708735,0.0002983789
2021-08-02 00:00:00,validation,0.016746792141822675,0.0022129957
2021-08-02 01:00:00,validation,0.0898667801452924,0.0035056865
2021-08-02 02:00:00,validation,0.0828410993259886,0.0032683315
2021-08-02 03:00:00,validation,0.08384907767127467,0.005317943
2021-08-02 04:00:00,validation,0.00997407431485931,0.0010193557
2021-08-02 05:00:00,validation,0.0817232426768235,0.003469246
2021-08-02 06:00:00,validation,0.08125966368270143,0.00246379
2021-08-02 07:00:00,validation,0.02505799767312357,0.0015429542
2021-08-02 08:00:00,validation,0.27171884187311707,0.52848077
2021-08-02 09:00:00,validation,0.21700680206005576,0.08431111
2021-08-02 10:00:00,validation,0.17745788951144273,0.07016337
2021-08-02 11:00:00,validation,0.19914206237533744,0.08145139
2021-08-02 12:00:00,validation,0.09120389420671321,0.012278433
2021-08-02 13:00:00,validation,0.1576547735562886,0.020915776
2021-08-02 14:00:00,validation,0.1728713961738731,0.013374954
2021-08-02 15:00:00,validation,0.13710928695915625,0.018090753
2021-08-02 16:00:00,validation,0.15334415702251017,0.013526753
2021-08-02 17:00:00,validation,0.12925543949128837,0.010011113
2021-08-02 18:00:00,validation,0.12014218915068951,0.006896428
2021-08-02 19:00:00,validation,0.19515977254363726,0.024483407
2021-08-02 20:00:00,validation,0.08872457759964712,0.004504831
2021-08-02 21:00:00,validation,0.02510742099963586,0.0005448314
2021-08-02 22:00:00,validation,0.0934026765457186,0.008760646
2021-08-02 23:00:00,validation,0.09143222441634757,0.0041843415
2021-08-03 00:00:00,validation,0.08130987343420422,0.0048559885
2021-08-03 01:00:00,validation,0.0036622261041385777,0.0009818602
2021-08-03 02:00:00,validation,0.0947698006275139,0.008718058
2021-08-03 03:00:00,validation,0.0752858541051106,0.004012084
2021-08-03 04:00:00,validation,0.008721360984026713,0.0005243661
2021-08-03 05:00:00,validation,0.008470101720394347,0.0018576911
2021-08-03 06:00:00,validation,0.08219071365362468,0.006212955
2021-08-03 07:00:00,validation,0.12815976975542268,0.02432724
2021-08-03 08:00:00,validation,0.1826937223535792,0.16653137
2021-08-03 09:00:00,validation,0.2073738126459564,0.029314628
2021-08-03 10:00:00,validation,0.20331436868753375,0.247452
2021-08-03 11:00:00,validation,0.19144520547290986,0.0748182
2021-08-03 12:00:00,validation,0.013196852714497201,0.0011521336
2021-08-03 13:00:00,validation,0.20774145091849106,0.09315534
2021-08-03 14:00:00,validation,0.20942797849847308,0.044814326
2021-08-03 15:00:00,validation,0.16439587176001863,0.03748387
2021-08-03 16:00:00,validation,0.1926799025476809,0.005028796
2021-08-03 17:00:00,validation,0.16480434276905212,0.030236173
2021-08-03 18:00:00,validation,0.14612488008635952,0.006994741
2021-08-03 19:00:00,validation,0.1318000247186634,0.0019995503
2021-08-03 20:00:00,validation,0.012099727156128533,0.0010910555
2021-08-03 21:00:00,validation,0.03121050219299249,0.00062221574
2021-08-03 22:00:00,validation,0.01255326863915298,0.000551885
2021-08-03 23:00:00,validation,0.014668581807732617,0.0012669059
2021-08-04 00:00:00,validation,0.00743696647893354,0.0012797609
2021-08-04 01:00:00,validation,0.07590337031378108,0.0030751636
2021-08-04 02:00:00,validation,0.08311885668039205,0.007639133
2021-08-04 03:00:00,validation,0.005375336039470735,0.0012484726
2021-08-04 04:00:00,validation,0.08451934389413548,0.005818798
2021-08-04 05:00:00,validation,0.08022994888517965,0.004161169
2021-08-04 06:00:00,validation,0.008916985349006227,0.0013361609
2021-08-04 07:00:00,validation,0.23548681395854668,0.035392337
2021-08-04 08:00:00,validation,0.24289710501078057,0.48406872
2021-08-04 09:00:00,validation,0.2108183862435156,0.14189959
2021-08-04 10:00:00,validation,0.15134124185964806,0.033785094
2021-08-04 11:00:00,validation,0.1917169502599316,0.15491603
2021-08-04 12:00:00,validation,0.09017296720160528,0.004587033
2021-08-04 13:00:00,validation,0.14687923891942398,0.014441491
2021-08-04 14:00:00,validation,0.1988782103677451,0.021712855
2021-08-04 15:00:00,validation,0.1631282704978999,0.03450011
2021-08-04 16:00:00,validation,0.1559649422399001,0.010697446
2021-08-04 17:00:00,validation,0.1367122074227085,0.005139984
2021-08-04 18:00:00,validation,0.19682347774437317,0.014184822
2021-08-04 19:00:00,validation,0.15231253730337888,0.006639584
2021-08-04 20:00:00,validation,0.012401137457950552,0.0011466858
2021-08-04 21:00:00,validation,0.013402267656865561,0.0004226565
2021-08-04 22:00:00,validation,0.01781535863977514,0.0010238449
2021-08-04 23:00:00,validation,0.08516750772190437,0.002571806
2021-08-05 00:00:00,validation,0.018691158498239845,0.0005014925
2021-08-05 01:00:00,validation,0.005375336039470735,0.0011657515
2021-08-05 02:00:00,validation,0.08590001807999943,0.0053270916
2021-08-05 03:00:00,validation,0.014065707513366839,0.0018501319
2021-08-05 04:00:00,validation,0.08506039181155502,0.0073474543
2021-08-05 05:00:00,validation,0.01264909143551107,0.001574197
2021-08-05 06:00:00,validation,0.08544186108536049,0.0105409855
2021-08-05 07:00:00,validation,0.12363281536604011,0.014070221
2021-08-05 08:00:00,validation,0.19965256726685895,0.113885395
2021-08-05 09:00:00,validation,0.21147222397659401,0.14662242
2021-08-05 10:00:00,validation,0.1948718380084155,0.110415705
2021-08-05 11:00:00,validation,0.15362540111576836,0.059314474
2021-08-05 12:00:00,validation,0.02146230105719533,0.00057765335
2021-08-05 13:00:00,validation,0.19622542824876793,0.1872041
2021-08-05 14:00:00,validation,0.17784873474403654,0.027769418
2021-08-05 15:00:00,validation,0.11145124715093092,0.0059197755
2021-08-05 16:00:00,validation,0.12128408568623505,0.01013997
2021-08-05 17:00:00,validation,0.10335008406268992,0.00782186
2021-08-05 18:00:00,validation,0.10727910774374258,0.0073359967
2021-08-05 19:00:00,validation,0.12504399081401016,0.0025490727
2021-08-05 20:00:00,validation,0.02462537368618389,0.0010803615
2021-08-05 21:00:00,validation,0.022614257218029257,0.00055789767
2021-08-05 22:00:00,validation,0.0922174701945547,0.002769759
2021-08-05 23:00:00,validation,0.008790016405589306,0.0009508509
2021-08-06 00:00:00,validation,0.08353034443315473,0.006333932
2021-08-06 01:00:00,validation,0.07671074832686493,0.006561647
2021-08-06 02:00:00,validation,0.0857664241011535,0.006055708
2021-08-06 03:00:00,validation,0.008916985349006227,0.001195585
2021-08-06 04:00:00,validation,0.08569052762810496,0.0055708624
2021-08-06 05:00:00,validation,0.08806130743649371,0.0102940565
2021-08-06 06:00:00,validation,0.006376466238385744,0.0006709894
2021-08-06 07:00:00,validation,0.2246513682946321,0.045876093
2021-08-06 08:00:00,validation,0.20831890800524808,0.26225424
2021-08-06 09:00:00,validation,0.2109021117886991,0.14938067
2021-08-06 10:00:00,validation,0.14909755221495716,0.05017337
2021-08-06 11:00:00,validation,0.23540025556713964,0.14796054
2021-08-06 12:00:00,validation,0.10108390869606367,0.0046880394
2021-08-06 13:00:00,validation,0.2018870850933706,0.025605816
2021-08-06 14:00:00,validation,0.17019319012808753,0.027542701
2021-08-06 15:00:00,validation,0.20265324355693975,0.01327856
2021-08-06 16:00:00,validation,0.1203012921193563,0.0088788215
2021-08-06 17:00:00,validation,0.12883752515767832,0.0039366656
2021-08-06 18:00:00,validation,0.1456293345474973,0.010075228
2021-08-06 19:00:00,validation,0.15769104172267473,0.0068810815
2021-08-06 20:00:00,validation,0.09314992309321177,0.0032808164
2021-08-06 21:00:00,validation,0.009791146604504315,0.00036920156
2021-08-06 22:00:00,validation,0.09594703342022538,0.0041972185
2021-08-06 23:00:00,validation,0.01930871694491458,0.0011170018
2021-08-07 00:00:00,validation,0.08740301026090841,0.0051183286
2021-08-07 01:00:00,validation,0.0047794866550609945,0.0009814379
2021-08-07 02:00:00,validation,0.09130110505483353,0.0053019477
2021-08-07 03:00:00,validation,0.09319116734866827,0.0077638193
2021-08-07 04:00:00,validation,0.0047794866550609945,0.001152133
2021-08-07 05:00:00,validation,0.01322168390116532,0.0011235576
2021-08-07 06:00:00,validation,0.014014245040302185,0.0012308676
2021-08-07 07:00:00,validation,0.09106870820803616,0.0030648443
2021-08-07 08:00:00,validation,0.012811746960949926,0.00094094925
2021-08-07 09:00:00,validation,0.10838832807939609,0.0061720302
2021-08-07 10:00:00,validation,0.09839666627743836,0.0045320895
2021-08-07 11:00:00,validation,0.01075456196514451,0.0008457937
2021-08-07 12:00:00,validation,0.011951316529039033,0.0017379274
2021-08-07 13:00:00,validation,0.01583823554635786,0.0019834605
2021-08-07 14:00:00,validation,0.021166805670207983,0.0008107052
2021-08-07 15:00:00,validation,0.011172186161976069,0.0005386485
2021-08-07 16:00:00,validation,0.023724577848768358,0.00050801365
2021-08-07 17:00:00,validation,0.019911428599729032,0.0013030947
2021-08-07 18:00:00,validation,0.09624577562138989,0.0028925957
2021-08-07 19:00:00,validation,0.008475848018468513,0.0003507807
2021-08-07 20:00:00,validation,0.018600484924402957,0.0008793289
2021-08-07 21:00:00,validation,0.020154719186300626,0.0012951153
2021-08-07 22:00:00,validation,0.007743247787466567,0.00047890743
2021-08-07 23:00:00,validation,0.006556515493718397,0.0003288757
2021-08-08 00:00:00,validation,0.10877722456420112,0.0062926835
2021-08-08 01:00:00,validation,0.09556893650670596,0.0041365977
2021-08-08 02:00:00,validation,0.09578431365812691,0.003606431
2021-08-08 03:00:00,validation,0.008197013896674224,0.0017246995
2021-08-08 04:00:00,validation,0.00604571296178127,0.0020207076
2021-08-08 05:00:00,validation,0.09697580408197282,0.005308259
2021-08-08 06:00:00,validation,0.007394941922846526,0.0007181594
2021-08-08 07:00:00,validation,0.09659500605881469,0.008389787
2021-08-08 08:00:00,validation,0.10643175316357228,0.018476281
2021-08-08 09:00:00,validation,0.10082954340096473,0.017232172
2021-08-08 10:00:00,validation,0.010090173087339036,0.0006969712
2021-08-08 11:00:00,validation,0.00957708809463,0.0019371103
2021-08-08 12:00:00,validation,0.007090216350701804,0.0010943771
2021-08-08 13:00:00,validation,0.0059991291338646925,0.00093425595
2021-08-08 14:00:00,validation,0.005465428276881285,0.00066420797
2021-08-08 15:00:00,validation,0.017709682424343943,0.0033908032
2021-08-08 16:00:00,validation,0.016073034772676506,0.0008653562
2021-08-08 17:00:00,validation,0.007394941922846526,0.00047105877
2021-08-08 18:00:00,validation,0.028760169038841512,0.0017150799
2021-08-08 19:00:00,validation,0.09520094807530297,0.008855194
2021-08-08 20:00:00,validation,0.09865040534864529,0.0041534537
2021-08-08 21:00:00,validation,0.0060786231468368,0.00047151517
2021-08-08 22:00:00,validation,0.12114716453263992,0.008703033
2021-08-08 23:00:00,validation,0.09842006318389458,0.0038578897
2021-08-09 00:00:00,validation,0.014152771487661248,0.0009862116
2021-08-09 01:00:00,validation,0.01534952605155577,0.0017880525
2021-08-09 02:00:00,validation,0.08643120383097422,0.008280486
2021-08-09 03:00:00,validation,0.08473284657581157,0.0077260826
2021-08-09 04:00:00,validation,0.08658645694083904,0.004964511
2021-08-09 05:00:00,validation,0.014259528381133644,0.002508621
2021-08-09 06:00:00,validation,0.08903974354125369,0.010902831
2021-08-09 07:00:00,validation,0.085020772272406,0.005456839
2021-08-09 08:00:00,validation,0.4120789964439545,0.17234287
2021-08-09 09:00:00,validation,0.7161483684005269,0.9420338
2021-08-09 10:00:00,validation,0.587774290227455,0.8382316
2021-08-09 11:00:00,validation,0.3775244224565879,0.48876333
2021-08-09 12:00:00,validation,0.20988425132888994,0.14570113
2021-08-09 13:00:00,validation,0.5215006065507475,0.782359
2021-08-09 14:00:00,validation,0.4775064604521166,0.7814648
2021-08-09 15:00:00,validation,0.5414628951641595,0.75276405
2021-08-09 16:00:00,validation,0.41429737632186675,0.38319382
2021-08-09 17:00:00,validation,0.35560035743064805,0.20257595
2021-08-09 18:00:00,validation,0.3251630756111331,0.13001809
2021-08-09 19:00:00,validation,0.14487796353623267,0.008544064
2021-08-09 20:00:00,validation,0.012384503833597007,0.00018286897
2021-08-09 21:00:00,validation,0.010983114557492742,0.00042713297
2021-08-09 22:00:00,validation,0.009782180739064866,0.00046473063
2021-08-09 23:00:00,validation,0.007321600701835838,0.0003057734
2021-08-10 00:00:00,validation,0.00693675007427147,0.00044791683
2021-08-10 01:00:00,validation,0.004944308073015946,0.00047106075
2021-08-10 02:00:00,validation,0.008250949084337367,0.0006597187
2021-08-10 03:00:00,validation,0.005517066483825541,0.00026178767
2021-08-10 04:00:00,validation,0.00392926111667114,0.0009397186
2021-08-10 05:00:00,validation,0.0012142173615857824,0.00047186922
2021-08-10 06:00:00,validation,0.018865355924702874,0.0027231472
2021-08-10 07:00:00,validation,0.014265487306925633,0.0047412897
2021-08-10 08:00:00,validation,0.6060003319212607,0.52714217
2021-08-10 09:00:00,validation,0.854670136522568,0.9804746
2021-08-10 10:00:00,validation,0.831494022606628,0.9603919
2021-08-10 11:00:00,validation,0.6556810396850108,0.94331026
2021-08-10 12:00:00,validation,0.19787161157464428,0.07180712
2021-08-10 13:00:00,validation,0.5676319852760195,0.88564837
2021-08-10 14:00:00,validation,0.6795312113536973,0.92745
2021-08-10 15:00:00,validation,0.4314127236577826,0.78738415
2021-08-10 16:00:00,validation,0.445649431385219,0.33710733
2021-08-10 17:00:00,validation,0.2125463915574115,0.028541522
2021-08-10 18:00:00,validation,0.1831335191842467,0.037037693
2021-08-10 19:00:00,validation,0.14172865338940294,0.13248824
2021-08-10 20:00:00,validation,0.015400565406643989,0.0018349132
2021-08-10 21:00:00,validation,0.008582325944191439,0.00093013525
2021-08-10 22:00:00,validation,0.005614656000395324,0.0005022472
2021-08-10 23:00:00,validation,0.002890603025182144,0.0005521207
2021-08-11 00:00:00,validation,0.01018494475052523,0.0026354964
2021-08-11 01:00:00,validation,0.002232409772856021,0.00023836394
2021-08-11 02:00:00,validation,0.0017139135561703477,0.00067988044
2021-08-11 03:00:00,validation,0.0,0.00021451639
2021-08-11 04:00:00,validation,0.0008611764705882353,0.00032315106
2021-08-11 05:00:00,validation,0.0027570951425396773,0.0003147595
2021-08-11 06:00:00,validation,0.0034795058467766067,0.00084098184
2021-08-11 07:00:00,validation,0.06452088446746719,0.0015653402
2021-08-11 08:00:00,validation,0.6784188346262863,0.981529
2021-08-11 09:00:00,validation,0.9192309833739847,0.9966377
2021-08-11 10:00:00,validation,0.8158349663450482,0.94758916
2021-08-11 11:00:00,validation,0.7127354005400467,0.8447791
2021-08-11 12:00:00,validation,0.19559504169439496,0.09109428
2021-08-11 13:00:00,validation,0.7102343847287397,0.90017015
2021-08-11 14:00:00,validation,0.7615697999801083,0.9938069
2021-08-11 15:00:00,validation,0.7860008986757002,0.9366398
2021-08-11 16:00:00,validation,0.5171786654908687,0.66252255
2021-08-11 17:00:00,validation,0.4753077247451548,0.2647939
2021-08-11 18:00:00,validation,0.38582324332641105,0.60110146
2021-08-11 19:00:00,validation,0.4043614498386087,0.15098166
2021-08-11 20:00:00,validation,0.1129498019198761,0.020472474
2021-08-11 21:00:00,validation,0.07756394927546709,0.0024783115
2021-08-11 22:00:00,validation,0.0040362101925500975,0.0005607097
2021-08-11 23:00:00,validation,0.0,0.00014595427
2021-08-12 00:00:00,validation,0.009659442603350868,0.00050408795
2021-08-12 01:00:00,validation,0.0,0.0001660494
2021-08-12 02:00:00,validation,0.0,0.00031719412
2021-08-12 03:00:00,validation,0.0,0.0002410369
2021-08-12 04:00:00,validation,0.0,0.00020148253
2021-08-12 05:00:00,validation,0.0,0.0003145726
2021-08-12 06:00:00,validation,0.007571447109210324,0.00037636494
2021-08-12 07:00:00,validation,0.0074285890946659576,0.00029336978
2021-08-12 08:00:00,validation,0.7375120339603121,0.9848754
2021-08-12 09:00:00,validation,0.9045903585374104,0.9961635
2021-08-12 10:00:00,validation,0.7227993679056314,0.85078526
2021-08-12 11:00:00,validation,0.7035047237554055,0.7732032
2021-08-12 12:00:00,validation,0.17096733935174335,0.10962935
2021-08-12 13:00:00,validation,0.6939286914046272,0.90556
2021-08-12 14:00:00,validation,0.6104482583216055,0.97974855
2021-08-12 15:00:00,validation,0.789375835444696,0.96402544
2021-08-12 16:00:00,validation,0.6058723077465679,0.77794695
2021-08-12 17:00:00,validation,0.38475193125331236,0.33477828
2021-08-12 18:00:00,validation,0.343150443843714,0.40250602
2021-08-12 19:00:00,validation,0.2156911164917164,0.042916566
2021-08-12 20:00:00,validation,0.08797169356465866,0.0076808087
2021-08-12 21:00:00,validation,0.07491813083335355,0.0010253956
2021-08-12 22:00:00,validation,0.021242817190608138,0.000376642
2021-08-12 23:00:00,validation,0.020043835061148096,0.00038605699
2021-08-13 00:00:00,validation,0.004383559255272237,0.0010259065
2021-08-13 01:00:00,validation,0.0029955426945329788,0.00013098757
2021-08-13 02:00:00,validation,0.0,0.00031042224
2021-08-13 03:00:00,validation,0.0018959186719514423,0.00022339485
2021-08-13 04:00:00,validation,0.0018959186719514423,0.0002779056
2021-08-13 05:00:00,validation,0.0018959186719514423,0.00045759784
2021-08-13 06:00:00,validation,0.0,0.00029740532
2021-08-13 07:00:00,validation,0.014435303072273654,0.00044918034
2021-08-13 08:00:00,validation,0.6726786916739108,0.9669288
2021-08-13 09:00:00,validation,0.8814884434475512,0.95243454
2021-08-13 10:00:00,validation,0.760874894833021,0.9328702
2021-08-13 11:00:00,validation,0.7364749532109398,0.94765544
2021-08-13 12:00:00,validation,0.17233181012467727,0.046069056
2021-08-13 13:00:00,validation,0.7174135680408693,0.9171861
2021-08-13 14:00:00,validation,0.7722185473662498,0.99135935
2021-08-13 15:00:00,validation,0.7973774370491906,0.97495586
2021-08-13 16:00:00,validation,0.5892367816028896,0.7818016
2021-08-13 17:00:00,validation,0.468222118311473,0.28162876
2021-08-13 18:00:00,validation,0.5270742810007907,0.63004965
2021-08-13 19:00:00,validation,0.41628681206392454,0.18542685
2021-08-13 20:00:00,validation,0.04685889839129533,0.0017929443
2021-08-13 21:00:00,validation,0.03302689074754381,0.0012958525
2021-08-13 22:00:00,validation,0.0036621895690370186,0.00028534947
2021-08-13 23:00:00,validation,0.012927812194804824,0.0002638703
2021-08-14 00:00:00,validation,0.006910475861914725,0.001036815
2021-08-14 01:00:00,validation,0.001352596760702608,0.00023688153
2021-08-14 02:00:00,validation,0.004034062598632827,0.00045275438
2021-08-14 03:00:00,validation,0.0015223054755043228,0.00030543047
2021-08-14 04:00:00,validation,0.0015223054755043228,0.00022987922
2021-08-14 05:00:00,validation,0.0,0.00029946756
2021-08-14 06:00:00,validation,0.005405295900900612,0.0005965636
2021-08-14 07:00:00,validation,0.013621037056141636,0.0002614619
2021-08-14 08:00:00,validation,0.20307735097307014,0.05843722
2021-08-14 09:00:00,validation,0.0074724481318966,0.0022452392
2021-08-14 10:00:00,validation,0.04366587344942299,0.0049572918
2021-08-14 11:00:00,validation,0.041133501295676174,0.0057710875
2021-08-14 12:00:00,validation,0.0033955264566225235,0.0006374041
2021-08-14 13:00:00,validation,0.02269782559052953,0.0019524186
2021-08-14 14:00:00,validation,0.03855290899991204,0.0027483199
2021-08-14 15:00:00,validation,0.019247335976919955,0.0028933962
2021-08-14 16:00:00,validation,0.002489591926716035,0.00048156502
2021-08-14 17:00:00,validation,0.0,0.00025007562
2021-08-14 18:00:00,validation,0.0,0.00028084617
2021-08-14 19:00:00,validation,0.001367441860465116,0.0006144825
2021-08-14 20:00:00,validation,0.0,0.00024388911
2021-08-14 21:00:00,validation,0.0,0.00032108402
2021-08-14 22:00:00,validation,0.0,0.000108901586
2021-08-14 23:00:00,validation,0.0,0.00028442682
2021-08-15 00:00:00,validation,0.0009331117573743247,0.00046023176
2021-08-15 01:00:00,validation,0.0,0.00012842572
2021-08-15 02:00:00,validation,0.0011670869276708693,0.00033640346
2021-08-15 03:00:00,validation,0.0,0.00034924576
2021-08-15 04:00:00,validation,0.0,0.00036180037
2021-08-15 05:00:00,validation,0.00629719335390104,0.00037678872
2021-08-15 06:00:00,validation,0.00779465528283505,0.000395216
2021-08-15 07:00:00,validation,0.0,0.0005017971
2021-08-15 08:00:00,validation,0.035228851713574094,0.004875492
2021-08-15 09:00:00,validation,0.0033842047753652187,0.0023748926
2021-08-15 10:00:00,validation,0.010269699711915027,0.0020189206
2021-08-15 11:00:00,validation,0.03252448807412148,0.0022666599
2021-08-15 12:00:00,validation,0.0014639220650558647,0.00088374654
2021-08-15 13:00:00,validation,0.016589407881757702,0.0027932993
2021-08-15 14:00:00,validation,0.004677367674219696,0.0022744613
2021-08-15 15:00:00,validation,0.006501864316054595,0.0017678735
2021-08-15 16:00:00,validation,0.005131743330335201,0.0016450367
2021-08-15 17:00:00,validation,0.0,0.00043786207
2021-08-15 18:00:00,validation,0.0,0.0006879957
2021-08-15 19:00:00,validation,0.0014639220650558647,0.00015401244
2021-08-15 20:00:00,validation,0.0,0.00036525977
2021-08-15 21:00:00,validation,0.0,0.00048557247
2021-08-15 22:00:00,validation,0.0,0.00015431791
2021-08-15 23:00:00,validation,0.0014639220650558647,0.0004365907
2021-08-16 00:00:00,validation,0.0,0.0007120092
2021-08-16 01:00:00,validation,0.0011913746630727764,0.00067093247
2021-08-16 02:00:00,validation,0.0,0.0006371536
2021-08-16 03:00:00,validation,0.0028266754093538584,0.0003222761
2021-08-16 04:00:00,validation,0.0,0.0007045634
2021-08-16 05:00:00,validation,0.0,0.00049229356
2021-08-16 06:00:00,validation,0.0,0.00026661382
2021-08-16 07:00:00,validation,0.0,0.0007323669
2021-08-16 08:00:00,validation,0.8469647217492687,0.98113775
2021-08-16 09:00:00,validation,0.7633369978163503,0.89359313
2021-08-16 10:00:00,validation,0.845542015770255,0.97390294
2021-08-16 11:00:00,validation,0.6719306309641492,0.98831034
2021-08-16 12:00:00,validation,0.20670795228572109,0.108285844
2021-08-16 13:00:00,validation,0.3189929325065865,0.30044898
2021-08-16 14:00:00,validation,0.30586900734609157,0.5446721
2021-08-16 15:00:00,validation,0.337574221649669,0.22483335
2021-08-16 16:00:00,validation,0.26482760198911276,0.16257212
2021-08-16 17:00:00,validation,0.2289724607576709,0.035892285
2021-08-16 18:00:00,validation,0.05775855046705005,0.0017500225
2021-08-16 19:00:00,validation,0.013265659147855283,0.0007455549
2021-08-16 20:00:00,validation,0.0129702546894351,0.00046284552
2021-08-16 21:00:00,validation,0.013069043995015382,0.0005924564
2021-08-16 22:00:00,validation,0.01583105951135398,0.00091148005
2021-08-16 23:00:00,validation,0.01406466174456206,0.00034334205
2021-08-17 00:00:00,validation,0.003552239996740134,0.0011951141
2021-08-17 01:00:00,validation,0.0023292682926829267,0.000507858
2021-08-17 02:00:00,validation,0.0013292682926829267,0.000827
2021-08-17 03:00:00,validation,0.0013292682926829267,0.0005502192
2021-08-17 04:00:00,validation,0.003200609665965,0.0042520403
2021-08-17 05:00:00,validation,0.003200609665965,0.0042753434
2021-08-17 06:00:00,validation,0.007658170418967681,0.0046198205
2021-08-17 07:00:00,validation,0.00996235254389632,0.0019283867
2021-08-17 08:00:00,validation,0.6890063111505046,0.9316208
2021-08-17 09:00:00,validation,0.3914598946913705,0.5398112
2021-08-17 10:00:00,validation,0.18341458613513612,0.17244509
2021-08-17 11:00:00,validation,0.13330367054151115,0.1457216
2021-08-17 12:00:00,validation,0.11102910411035039,0.017988982
2021-08-17 13:00:00,validation,0.5304948616665601,0.61678034
2021-08-17 14:00:00,validation,0.1226826198692815,0.17286918
2021-08-17 15:00:00,validation,0.11587779392652388,0.03291776
2021-08-17 16:00:00,validation,0.09602012518887523,0.04786166
2021-08-17 17:00:00,validation,0.04791589320755167,0.013553993
2021-08-17 18:00:00,validation,0.14755158531350843,0.020524811
2021-08-17 19:00:00,validation,0.06628598297210543,0.003640263
2021-08-17 20:00:00,validation,0.007437720945639019,0.00021315666
2021-08-17 21:00:00,validation,0.0037888366536781445,0.00024798905
2021-08-17 22:00:00,validation,0.006881858731496848,0.00022488718
2021-08-17 23:00:00,validation,0.0015215211754537597,0.00014113709
2021-08-18 00:00:00,validation,0.004292644225002926,0.0011054366
2021-08-18 01:00:00,validation,0.0,0.00013074673
2021-08-18 02:00:00,validation,0.0,0.00027845064
2021-08-18 03:00:00,validation,0.0,0.00029426842
2021-08-18 04:00:00,validation,0.0,0.0001974134
2021-08-18 05:00:00,validation,0.002277860308338519,0.0024735078
2021-08-18 06:00:00,validation,0.0,0.0006589445
2021-08-18 07:00:00,validation,0.003550323775530047,0.0004117309
2021-08-18 08:00:00,validation,0.4796025212332588,0.706637
2021-08-18 09:00:00,validation,0.30062388123765854,0.24489775
2021-08-18 10:00:00,validation,0.3130782536484509,0.41723993
2021-08-18 11:00:00,validation,0.23143654472422004,0.17347287
2021-08-18 12:00:00,validation,0.13348797932312578,0.0244069
2021-08-18 13:00:00,validation,0.46771082819435894,0.5355581
2021-08-18 14:00:00,validation,0.5007900701679903,0.63508654
2021-08-18 15:00:00,validation,0.7373556424282947,0.7719174
2021-08-18 16:00:00,validation,0.5803192171085364,0.44453457
2021-08-18 17:00:00,validation,0.35603505581549955,0.066963255
2021-08-18 18:00:00,validation,0.4608791715651959,0.1747509
2021-08-18 19:00:00,validation,0.2808945136126926,0.036609363
2021-08-18 20:00:00,validation,0.019740911355357674,0.0009437487
2021-08-18 21:00:00,validation,0.002799645755788475,0.00030632076
2021-08-18 22:00:00,validation,0.00634710450281887,0.0001812604
2021-08-18 23:00:00,validation,0.0,0.00010978869
2021-08-19 00:00:00,validation,0.004236724129652327,0.0012386427
2021-08-19 01:00:00,validation,0.0013292682926829267,0.00013784194
2021-08-19 02:00:00,validation,0.0013292682926829267,0.00033629042
2021-08-19 03:00:00,validation,0.003625905599935809,0.0003295521
2021-08-19 04:00:00,validation,0.0013292682926829267,0.00029108574
2021-08-19 05:00:00,validation,0.0013292682926829267,0.00020722882
2021-08-19 06:00:00,validation,0.0013292682926829267,0.0001839513
2021-08-19 07:00:00,validation,0.0,0.00012578482
2021-08-19 08:00:00,validation,0.6431308366865,0.7407054
2021-08-19 09:00:00,validation,0.6405402131312113,0.71369153
2021-08-19 10:00:00,validation,0.8381046231008232,0.93239564
2021-08-19 11:00:00,validation,0.6457106736554076,0.7772243
2021-08-19 12:00:00,validation,0.15949972461875098,0.023615018
2021-08-19 13:00:00,validation,0.6400686332977668,0.32957077
2021-08-19 14:00:00,validation,0.5421041039429094,0.7963449
2021-08-19 15:00:00,validation,0.6750686521222291,0.71505964
2021-08-19 16:00:00,validation,0.6113341492256167,0.19970575
2021-08-19 17:00:00,validation,0.358129678773498,0.21686421
2021-08-19 18:00:00,validation,0.23850306987244888,0.16415702
2021-08-19 19:00:00,validation,0.10251443768941777,0.03079959
2021-08-19 20:00:00,validation,0.003397456530782507,0.0014616972
2021-08-19 21:00:00,validation,0.0012541357672561327,0.0002902704
2021-08-19 22:00:00,validation,0.0026666012155962975,0.0006118416
2021-08-19 23:00:00,validation,0.004240767313138548,0.00014453924
2021-08-20 00:00:00,validation,0.00451554896831987,0.0014899636
2021-08-20 01:00:00,validation,0.0,0.00013108729
2021-08-20 02:00:00,validation,0.0,0.00021022276
2021-08-20 03:00:00,validation,0.0,0.00016328665
2021-08-20 04:00:00,validation,0.0013292682926829267,0.00019585819
2021-08-20 05:00:00,validation,0.0013292682926829267,0.00012930455
2021-08-20 06:00:00,validation,0.0,0.00023309317
2021-08-20 07:00:00,validation,0.04046127966720028,0.0025179356
2021-08-20 08:00:00,validation,0.6871801625346927,0.8426927
2021-08-20 09:00:00,validation,0.6738241191219785,0.83412623
2021-08-20 10:00:00,validation,0.5384546363722308,0.87829936
2021-08-20 11:00:00,validation,0.28636183252913583,0.47978154
2021-08-20 12:00:00,validation,0.2804837163533047,0.049574476
2021-08-20 13:00:00,validation,0.6912418525005425,0.96470416
2021-08-20 14:00:00,validation,0.8382823029151234,0.97849894
2021-08-20 15:00:00,validation,0.7078695299341273,0.85764503
2021-08-20 16:00:00,validation,0.47747417802366093,0.25411776
2021-08-20 17:00:00,validation,0.5005668660938712,0.378762
2021-08-20 18:00:00,validation,0.30780148371327637,0.3335915
2021-08-20 19:00:00,validation,0.09792923247518263,0.032643225
2021-08-20 20:00:00,validation,0.008508578242325008,0.00064014277
2021-08-20 21:00:00,validation,0.0019020167933227125,0.00036561073
2021-08-20 22:00:00,validation,0.001102025506376594,0.00018445872
2021-08-20 23:00:00,validation,0.0,0.0002999347
2021-08-21 00:00:00,validation,0.003228029941618287,0.0005950454
2021-08-21 01:00:00,validation,0.003841059870156724,0.00021380863
2021-08-21 02:00:00,validation,0.0,0.000305855
2021-08-21 03:00:00,validation,0.0,0.00032007176
2021-08-21 04:00:00,validation,0.008870813608727265,0.00027233086
2021-08-21 05:00:00,validation,0.0,0.0003922259
2021-08-21 06:00:00,validation,0.0,0.00032796146
2021-08-21 07:00:00,validation,0.0,0.00035555504
2021-08-21 08:00:00,validation,0.18944414063467885,0.0584556
2021-08-21 09:00:00,validation,0.0026792433459100133,0.0012246217
2021-08-21 10:00:00,validation,0.001572922204501152,0.00049142854
2021-08-21 11:00:00,validation,0.00506077295307877,0.0010740382
2021-08-21 12:00:00,validation,0.0009810943060498218,0.0007248741
2021-08-21 13:00:00,validation,0.0023112035518986565,0.0008029114
2021-08-21 14:00:00,validation,0.0015084976206662132,0.00073334953
2021-08-21 15:00:00,validation,0.0006428571428571429,0.0010803877
2021-08-21 16:00:00,validation,0.0,0.00013713125
2021-08-21 17:00:00,validation,0.0,0.00012232835
2021-08-21 18:00:00,validation,0.0,0.00023031385
2021-08-21 19:00:00,validation,0.0014815063887020847,0.00021533671
2021-08-21 20:00:00,validation,0.0,0.00026373472
2021-08-21 21:00:00,validation,0.0,9.511486e-05
2021-08-21 22:00:00,validation,0.0,0.00032125364
2021-08-21 23:00:00,validation,0.0014119138149556402,0.00028654138
2021-08-22 00:00:00,validation,0.0007895586652314315,0.0004922349
2021-08-22 01:00:00,validation,0.0,0.00015229783
2021-08-22 02:00:00,validation,0.0,0.00043557282
2021-08-22 03:00:00,validation,0.0015230902277313346,0.00039649013
2021-08-22 04:00:00,validation,0.0007895586652314315,0.0003516774
2021-08-22 05:00:00,validation,0.0,0.00050873175
2021-08-22 06:00:00,validation,0.0013857992859976197,0.000461912
2021-08-22 07:00:00,validation,0.004695226550541326,0.0002503779
2021-08-22 08:00:00,validation,0.002415233553077779,0.0042039063
2021-08-22 09:00:00,validation,0.0,0.0009022266
2021-08-22 10:00:00,validation,0.0017024754787482482,0.00079547934
2021-08-22 11:00:00,validation,0.0023780410625680645,0.002997582
2021-08-22 12:00:00,validation,0.0,0.0009401683
2021-08-22 13:00:00,validation,0.0015301734104046247,0.001997664
2021-08-22 14:00:00,validation,0.0025684197989674536,0.0017251906
2021-08-22 15:00:00,validation,0.0024940934242909576,0.0008583209
2021-08-22 16:00:00,validation,0.002386708174826162,0.0007191844
2021-08-22 17:00:00,validation,0.003207748608613878,0.0007509588
2021-08-22 18:00:00,validation,0.0007895586652314315,0.0006779394
2021-08-22 19:00:00,validation,0.001001130198915009,0.00056589267
2021-08-22 20:00:00,validation,0.001001130198915009,0.00049371395
2021-08-22 21:00:00,validation,0.0,0.00042798155
2021-08-22 22:00:00,validation,0.0,0.0006022835
2021-08-22 23:00:00,validation,0.0,0.0005466963
2021-08-23 00:00:00,validation,0.0,0.0010879091
2021-08-23 01:00:00,validation,0.0,0.0007214445
2021-08-23 02:00:00,validation,0.0011913746630727764,0.0007317491
2021-08-23 03:00:00,validation,0.0,0.00076958886
2021-08-23 04:00:00,validation,0.0,0.0008451842
2021-08-23 05:00:00,validation,0.0007895586652314315,0.00074405235
2021-08-23 06:00:00,validation,0.001001130198915009,0.00073872315
2021-08-23 07:00:00,validation,0.001001130198915009,0.0009440739
2021-08-23 08:00:00,validation,0.9222140585817185,0.98633295
2021-08-23 09:00:00,validation,0.5285923664777339,0.8974686
2021-08-23 10:00:00,validation,0.6920460571358937,0.87043333
2021-08-23 11:00:00,validation,0.6404430325092637,0.74479413
2021-08-23 12:00:00,validation,0.22222304167976606,0.1853307
2021-08-23 13:00:00,validation,0.7488313699055984,0.9793967
2021-08-23 14:00:00,validation,0.689523222183323,0.95927274
2021-08-23 15:00:00,validation,0.5863130610832369,0.8716751
2021-08-23 16:00:00,validation,0.40278313372220714,0.30005756
2021-08-23 17:00:00,validation,0.2941072754792847,0.17922492
2021-08-23 18:00:00,validation,0.3237270739215377,0.31734276
2021-08-23 19:00:00,validation,0.10944486614870133,0.0072123352
2021-08-23 20:00:00,validation,0.031029761247607503,0.00037710098
2021-08-23 21:00:00,validation,0.007670827445583054,0.0002979011
2021-08-23 22:00:00,validation,0.002138736263581372,8.556114e-05
2021-08-23 23:00:00,validation,0.003503343787965952,0.00014364328
2021-08-24 00:00:00,validation,0.0007854590925330475,0.00031855938
2021-08-24 01:00:00,validation,0.0013904045155221075,0.00012499867
2021-08-24 02:00:00,validation,0.0,0.00032926034
2021-08-24 03:00:00,validation,0.0,0.00037482491
2021-08-24 04:00:00,validation,0.001258147512864494,0.00031569865
2021-08-24 05:00:00,validation,0.0,0.00032114648
2021-08-24 06:00:00,validation,0.0,0.0004899986
2021-08-24 07:00:00,validation,0.011984380682321964,0.0013166505
2021-08-24 08:00:00,validation,0.7909320971220272,0.9484939
2021-08-24 09:00:00,validation,0.9771394541596685,0.9979966
2021-08-24 10:00:00,validation,0.8762445847931933,0.88768387
2021-08-24 11:00:00,validation,0.8666889332902776,0.96661437
2021-08-24 12:00:00,validation,0.15455221856936235,0.02824072
2021-08-24 13:00:00,validation,0.7994644602436819,0.8296621
2021-08-24 14:00:00,validation,0.8131591375189361,0.97325426
2021-08-24 15:00:00,validation,0.8776531773969388,0.9493781
2021-08-24 16:00:00,validation,0.7843969368510487,0.9795012
2021-08-24 17:00:00,validation,0.506737422058746,0.14222227
2021-08-24 18:00:00,validation,0.47895400495368234,0.86865056
2021-08-24 19:00:00,validation,0.15410245332368605,0.03003056
2021-08-24 20:00:00,validation,0.042145347105290776,0.0063137542
2021-08-24 21:00:00,validation,0.026662480516789874,0.0006541247
2021-08-24 22:00:00,validation,0.009873869210733018,0.0003148438
2021-08-24 23:00:00,validation,0.006505565329877237,0.00040003314
2021-08-25 00:00:00,validation,0.004972889308137367,0.0008777116
2021-08-25 01:00:00,validation,0.0,0.00025837764
2021-08-25 02:00:00,validation,0.0,0.00056525064
2021-08-25 03:00:00,validation,0.0,0.0006251786
2021-08-25 04:00:00,validation,0.0,0.0005122369
2021-08-25 05:00:00,validation,0.0,0.00046064256
2021-08-25 06:00:00,validation,0.0,0.0007012201
2021-08-25 07:00:00,validation,0.0,0.00039358987
2021-08-25 08:00:00,validation,0.8205929429277797,0.9683176
2021-08-25 09:00:00,validation,0.8445904127703474,0.9593028
2021-08-25 10:00:00,validation,0.853432294534011,0.9677004
2021-08-25 11:00:00,validation,0.9525985713998638,0.9773226
2021-08-25 12:00:00,validation,0.1839091258733703,0.026477959
2021-08-25 13:00:00,validation,0.8154716300235787,0.89172703
2021-08-25 14:00:00,validation,0.7631509851400782,0.94280285
2021-08-25 15:00:00,validation,0.7460692908648582,0.90180326
2021-08-25 16:00:00,validation,0.6685771131891483,0.60065335
2021-08-25 17:00:00,validation,0.36391138470020495,0.12431532
2021-08-25 18:00:00,validation,0.3177977955299514,0.37651357
2021-08-25 19:00:00,validation,0.15500249091111504,0.07139522
2021-08-25 20:00:00,validation,0.00900436893140595,0.000830017
2021-08-25 21:00:00,validation,0.0134571135665489,0.0011068855
2021-08-25 22:00:00,validation,0.0022991016825239037,0.00035830442
2021-08-25 23:00:00,validation,0.0027052608195395358,0.00039753722
2021-08-26 00:00:00,validation,0.002692736240047497,0.0008118122
2021-08-26 01:00:00,validation,0.0028498460356569106,0.00020100686
2021-08-26 02:00:00,validation,0.0,0.00028558628
2021-08-26 03:00:00,validation,0.0029555811727271504,0.0003257857
2021-08-26 04:00:00,validation,0.0013292682926829267,0.00022301178
2021-08-26 05:00:00,validation,0.0013292682926829267,0.00014523458
2021-08-26 06:00:00,validation,0.0013292682926829267,0.00032911755
2021-08-26 07:00:00,validation,0.005800224861751422,0.00023074224
2021-08-26 08:00:00,validation,0.7248748736002102,0.9626675
2021-08-26 09:00:00,validation,0.9706697214424871,0.9987206
2021-08-26 10:00:00,validation,0.9814244143545808,0.9934297
2021-08-26 11:00:00,validation,0.9514153786679325,0.99586797
2021-08-26 12:00:00,validation,0.11996907758905972,0.026421268
2021-08-26 13:00:00,validation,0.9029549904606103,0.97909755
2021-08-26 14:00:00,validation,0.9553661199030655,0.9985954
2021-08-26 15:00:00,validation,0.9556854890170466,0.9934116
2021-08-26 16:00:00,validation,0.874803983775643,0.9879897
2021-08-26 17:00:00,validation,0.5267361929073537,0.4700888
2021-08-26 18:00:00,validation,0.48272344087391883,0.5990499
2021-08-26 19:00:00,validation,0.19308688609176944,0.047299754
2021-08-26 20:00:00,validation,0.07342396489536959,0.008021902
2021-08-26 21:00:00,validation,0.05895175929408522,0.00085776864
2021-08-26 22:00:00,validation,0.0035624721104412396,0.000327989
2021-08-26 23:00:00,validation,0.001183903420523139,0.000623618
2021-08-27 00:00:00,validation,0.005792379500840996,0.0015497296
2021-08-27 01:00:00,validation,0.0,0.00024156239
2021-08-27 02:00:00,validation,0.0,0.0003692915
2021-08-27 03:00:00,validation,0.006997837849723746,0.00030409216
2021-08-27 04:00:00,validation,0.0,0.00027495413
2021-08-27 05:00:00,validation,0.0,0.00026767314
2021-08-27 06:00:00,validation,0.0,0.00036235407
2021-08-27 07:00:00,validation,0.001202170963364993,0.00026263142
2021-08-27 08:00:00,validation,0.8708767410089423,0.94430405
2021-08-27 09:00:00,validation,0.9342611623251607,0.9849223
2021-08-27 10:00:00,validation,0.7839170058032034,0.9476643
2021-08-27 11:00:00,validation,0.8742898598390704,0.94470096
2021-08-27 12:00:00,validation,0.14991542094859298,0.037574746
2021-08-27 13:00:00,validation,0.8613456633353094,0.87919223
2021-08-27 14:00:00,validation,0.7462516805235331,0.8941813
2021-08-27 15:00:00,validation,0.4409377696884307,0.8186205
2021-08-27 16:00:00,validation,0.3669818475129089,0.2533824
2021-08-27 17:00:00,validation,0.2504621642240514,0.1933796
2021-08-27 18:00:00,validation,0.23430781627047775,0.17910004
2021-08-27 19:00:00,validation,0.14603301266059643,0.030986793
2021-08-27 20:00:00,validation,0.05712446119380653,0.0005517382
2021-08-27 21:00:00,validation,0.0,0.00043010234
2021-08-27 22:00:00,validation,0.0,0.00016480013
2021-08-27 23:00:00,validation,0.0009298538622129435,0.00020823262
2021-08-28 00:00:00,validation,0.002056772456588347,0.00040651517
2021-08-28 01:00:00,validation,0.0013292682926829267,0.00015317238
2021-08-28 02:00:00,validation,0.0,0.00035771824
2021-08-28 03:00:00,validation,0.0,0.00016806633
2021-08-28 04:00:00,validation,0.0030001543686322936,0.00022559523
2021-08-28 05:00:00,validation,0.0013292682926829267,0.00010770402
2021-08-28 06:00:00,validation,0.0013292682926829267,0.00023813153
2021-08-28 07:00:00,validation,0.005108066171514178,0.00079585693
2021-08-28 08:00:00,validation,0.2509214101444052,0.08662059
2021-08-28 09:00:00,validation,0.07216624295828233,0.0049375095
2021-08-28 10:00:00,validation,0.06318782311056206,0.005313445
2021-08-28 11:00:00,validation,0.0707519022176263,0.0030416646
2021-08-28 12:00:00,validation,0.027270893203362897,0.0012243942
2021-08-28 13:00:00,validation,0.08611371512924208,0.0035548324
2021-08-28 14:00:00,validation,0.05633448791927436,0.0031618946
2021-08-28 15:00:00,validation,0.07081280774285784,0.0022846218
2021-08-28 16:00:00,validation,0.05674504776766663,0.00093334535
2021-08-28 17:00:00,validation,0.04379146861896675,0.00018395585
2021-08-28 18:00:00,validation,0.02063778586414597,0.00032147055
2021-08-28 19:00:00,validation,0.0,0.0001213603
2021-08-28 20:00:00,validation,0.0,0.00013586639
2021-08-28 21:00:00,validation,0.0,0.00015083037
2021-08-28 22:00:00,validation,0.0,0.0001565953
2021-08-28 23:00:00,validation,0.0,0.00014954593
2021-08-29 00:00:00,validation,0.0,0.00024003998
2021-08-29 01:00:00,validation,0.0,0.00024588234
2021-08-29 02:00:00,validation,0.0,0.00025402315
2021-08-29 03:00:00,validation,0.0,0.00023553408
2021-08-29 04:00:00,validation,0.0,0.00022503432
2021-08-29 05:00:00,validation,0.0,0.00023621754
2021-08-29 06:00:00,validation,0.005782993710081256,0.000114246075
2021-08-29 07:00:00,validation,0.005013119233093809,0.00016403977
2021-08-29 08:00:00,validation,0.006651460633962834,0.0012647809
2021-08-29 09:00:00,validation,0.007172443095820373,0.0006389384
2021-08-29 10:00:00,validation,0.007199794926736499,0.0002170236
2021-08-29 11:00:00,validation,0.005890339886373736,0.0005552425
2021-08-29 12:00:00,validation,0.01611887809803771,0.00024986255
2021-08-29 13:00:00,validation,0.006140678507209314,0.00058724545
2021-08-29 14:00:00,validation,0.008865365795367171,0.00019808295
2021-08-29 15:00:00,validation,0.007199794926736499,0.00015502953
2021-08-29 16:00:00,validation,0.007199794926736499,0.00014362985
2021-08-29 17:00:00,validation,0.005662733580801432,0.0001323035
2021-08-29 18:00:00,validation,0.009235248443681352,0.0001950996
2021-08-29 19:00:00,validation,0.002568826160910258,0.00016551194
2021-08-29 20:00:00,validation,0.0021283566620193344,0.00016301735
2021-08-29 21:00:00,validation,0.0021283566620193344,0.00015037184
2021-08-29 22:00:00,validation,0.0037939275306500086,0.00013438746
2021-08-29 23:00:00,validation,0.0011272264631043256,0.00031370466
2021-08-30 00:00:00,validation,0.0011272264631043256,0.00065159413
2021-08-30 01:00:00,validation,0.001001130198915009,0.00021067022
2021-08-30 02:00:00,validation,0.001001130198915009,0.00047170758
2021-08-30 03:00:00,validation,0.001001130198915009,0.00023981465
2021-08-30 04:00:00,validation,0.0,0.00060256774
2021-08-30 05:00:00,validation,0.0,0.00043137936
2021-08-30 06:00:00,validation,0.0,0.00041609743
2021-08-30 07:00:00,validation,0.0011733510992671553,0.00019090454
2021-08-30 08:00:00,validation,0.5995185265379198,0.20232488
2021-08-30 09:00:00,validation,0.6277409168695501,0.76985735
2021-08-30 10:00:00,validation,0.6040705815144846,0.85386395
2021-08-30 11:00:00,validation,0.7763605711645412,0.8806447
2021-08-30 12:00:00,validation,0.23109405143110484,0.046129905
2021-08-30 13:00:00,validation,0.8378601205186085,0.9681712
2021-08-30 14:00:00,validation,0.6349735072229593,0.84073985
2021-08-30 15:00:00,validation,0.6081337808160192,0.67137414
2021-08-30 16:00:00,validation,0.42082782927301293,0.19933845
2021-08-30 17:00:00,validation,0.3755080416590626,0.09387397
2021-08-30 18:00:00,validation,0.3524992021030381,0.3292042
2021-08-30 19:00:00,validation,0.16992713818013896,0.02395656
2021-08-30 20:00:00,validation,0.010329002456838134,0.0017988613
2021-08-30 21:00:00,validation,0.01061131405603236,0.0009597767
2021-08-30 22:00:00,validation,0.006682375888241551,0.00062932813
2021-08-30 23:00:00,validation,0.008152511674074374,0.00052506686
2021-08-31 00:00:00,validation,0.006920920000402311,0.001653417
2021-08-31 01:00:00,validation,0.0031158938372870333,0.0002935606
2021-08-31 02:00:00,validation,0.0,0.0007941846
2021-08-31 03:00:00,validation,0.0014178582777248172,0.0005088259
2021-08-31 04:00:00,validation,0.0,0.00042587667
2021-08-31 05:00:00,validation,0.0014178582777248172,0.00040540777
2021-08-31 06:00:00,validation,0.0,0.00061263464
2021-08-31 07:00:00,validation,0.0014178582777248172,0.0006324964
2021-08-31 08:00:00,validation,0.7434329208830764,0.86181766
2021-08-31 09:00:00,validation,0.5567696592073893,0.7616033
2021-08-31 10:00:00,validation,0.677758472271437,0.8369672
2021-08-31 11:00:00,validation,0.8379875419451585,0.89048505
2021-08-31 12:00:00,validation,0.16059869093755708,0.01937684
2021-08-31 13:00:00,validation,0.747747094780475,0.8499229
2021-08-31 14:00:00,validation,0.7711825477118036,0.9378928
2021-08-31 15:00:00,validation,0.7965093034534971,0.84747195
2021-08-31 16:00:00,validation,0.3873186960731928,0.3323066
2021-08-31 17:00:00,validation,0.2332237622636982,0.10281452
2021-08-31 18:00:00,validation,0.2079366469341063,0.054576427
2021-08-31 19:00:00,validation,0.09697301164346753,0.021786543
2021-08-31 20:00:00,validation,0.01074361359947772,0.0028564823
2021-08-31 21:00:00,validation,0.012632620488145433,0.0055773407
2021-08-31 22:00:00,validation,0.0033182924456957898,0.00085132295
2021-08-31 23:00:00,validation,0.005515388191397364,0.00045754117
2021-09-01 00:00:00,test,0.021471373090698402,0.0024806384
2021-09-01 01:00:00,test,0.0028944856839872744,0.00034884227
2021-09-01 02:00:00,test,0.009148460639802446,0.0004773185
2021-09-01 03:00:00,test,0.0013292682926829267,0.000567746
2021-09-01 04:00:00,test,0.0015784656796769849,0.00039365643
2021-09-01 05:00:00,test,0.0008052516411378555,0.00072736107
2021-09-01 06:00:00,test,0.0,0.00043089542
2021-09-01 07:00:00,test,0.04167165766918928,0.0031689662
2021-09-01 08:00:00,test,0.4034056443454421,0.24752387
2021-09-01 09:00:00,test,0.9328954997261745,0.9917133
2021-09-01 10:00:00,test,0.9163895814483102,0.9551845
2021-09-01 11:00:00,test,0.9727022090838187,0.9966763
2021-09-01 12:00:00,test,0.14895268179166238,0.051450722
2021-09-01 13:00:00,test,0.8425849398070159,0.97782075
2021-09-01 14:00:00,test,0.924346210015464,0.99650985
2021-09-01 15:00:00,test,0.8978178870278923,0.9898134
2021-09-01 16:00:00,test,0.7630194978081706,0.9080451
2021-09-01 17:00:00,test,0.5625941981508674,0.27620074
2021-09-01 18:00:00,test,0.48978531006727305,0.46815923
2021-09-01 19:00:00,test,0.12394410587266287,0.04159864
2021-09-01 20:00:00,test,0.025365652755482557,0.0017926592
2021-09-01 21:00:00,test,0.009706186884487879,0.00060716236
2021-09-01 22:00:00,test,0.009577334527441568,0.00031871584
2021-09-01 23:00:00,test,0.0034727862447895066,0.00023345994
2021-09-02 00:00:00,test,0.009409659107759061,0.0028868867
2021-09-02 01:00:00,test,0.002791839595000332,0.00021618078
2021-09-02 02:00:00,test,0.0,0.00022545739
2021-09-02 03:00:00,test,0.0024384953173569256,0.0003024666
2021-09-02 04:00:00,test,0.0,0.00025527086
2021-09-02 05:00:00,test,0.0015746729912318527,0.000278653
2021-09-02 06:00:00,test,0.0,0.00028246545
2021-09-02 07:00:00,test,0.0016263128800442235,0.00019492295
2021-09-02 08:00:00,test,0.6903111622012743,0.63446844
2021-09-02 09:00:00,test,0.5876999168847574,0.87059313
2021-09-02 10:00:00,test,0.9099944421594792,0.99131
2021-09-02 11:00:00,test,0.8274237970918805,0.8626065
2021-09-02 12:00:00,test,0.16324411799742775,0.017836137
2021-09-02 13:00:00,test,0.8645941987944076,0.84428006
2021-09-02 14:00:00,test,0.8312985835472615,0.9823631
2021-09-02 15:00:00,test,0.9402661294631337,0.99529487
2021-09-02 16:00:00,test,0.7065245708721715,0.8450604
2021-09-02 17:00:00,test,0.49740196661745967,0.25765362
2021-09-02 18:00:00,test,0.21899644152735676,0.23084545
2021-09-02 19:00:00,test,0.11651368793071157,0.010677255
2021-09-02 20:00:00,test,0.06516199508496469,0.0021380293
2021-09-02 21:00:00,test,0.007141061078313264,0.00087218673
2021-09-02 22:00:00,test,0.006353625000509444,0.0008417038
2021-09-02 23:00:00,test,0.036551990735404924,0.0014172562
2021-09-03 00:00:00,test,0.013548896988260993,0.0016294911
2021-09-03 01:00:00,test,0.0,0.00034022916
2021-09-03 02:00:00,test,0.0014898785425101213,0.00023941873
2021-09-03 03:00:00,test,0.0,0.0003025064
2021-09-03 04:00:00,test,0.0016934622233528366,0.00024194593
2021-09-03 05:00:00,test,0.0,0.00018868102
2021-09-03 06:00:00,test,0.0,0.0003435326
2021-09-03 07:00:00,test,0.0,0.00035507252
2021-09-03 08:00:00,test,0.6246853709235161,0.85486627
2021-09-03 09:00:00,test,0.8026122860016623,0.94905305
2021-09-03 10:00:00,test,0.8208663547173631,0.9639337
2021-09-03 11:00:00,test,0.6113182887305055,0.88671166
2021-09-03 12:00:00,test,0.25296921931511,0.054618284
2021-09-03 13:00:00,test,0.724790994389137,0.8869691
2021-09-03 14:00:00,test,0.7170670186870604,0.8336422
2021-09-03 15:00:00,test,0.6962301306037233,0.5820358
2021-09-03 16:00:00,test,0.20544629716059817,0.08032157
2021-09-03 17:00:00,test,0.22654863194549596,0.09500391
2021-09-03 18:00:00,test,0.12933527957150637,0.06874288
2021-09-03 19:00:00,test,0.030820825733369146,0.0034653642
2021-09-03 20:00:00,test,0.00520495817611405,0.0003988793
2021-09-03 21:00:00,test,0.0009854910714285714,0.00036155936
2021-09-03 22:00:00,test,0.0,0.00018804702
2021-09-03 23:00:00,test,0.0011031031031031033,0.00025100028
2021-09-04 00:00:00,test,0.0007854590925330475,0.001440283
2021-09-04 01:00:00,test,0.0,0.00015384864
2021-09-04 02:00:00,test,0.005053946352199118,0.0003524307
2021-09-04 03:00:00,test,0.0,0.00021672313
2021-09-04 04:00:00,test,0.0,0.00017892949
2021-09-04 05:00:00,test,0.0013292682926829267,0.00014355565
2021-09-04 06:00:00,test,0.004425980717843535,0.00034962187
2021-09-04 07:00:00,test,0.0012641996557659209,0.00015152547
2021-09-04 08:00:00,test,0.11474932341019409,0.015222159
2021-09-04 09:00:00,test,0.04055463369431103,0.0017582823
2021-09-04 10:00:00,test,0.022179111594348034,0.0015381485
2021-09-04 11:00:00,test,0.030529457379297374,0.0018496423
2021-09-04 12:00:00,test,0.004643450005489632,0.00047923668
2021-09-04 13:00:00,test,0.038344744332703205,0.0027321565
2021-09-04 14:00:00,test,0.04059848295256765,0.0011668191
2021-09-04 15:00:00,test,0.019537764542019286,0.001114373
2021-09-04 16:00:00,test,0.025658927894835464,0.0010752579
2021-09-04 17:00:00,test,0.015061578593833782,0.00048028099
2021-09-04 18:00:00,test,0.022889388522999547,0.00019742451
2021-09-04 19:00:00,test,0.0,0.00012562229
2021-09-04 20:00:00,test,0.0,0.00016201011
2021-09-04 21:00:00,test,0.0,0.00020902553
2021-09-04 22:00:00,test,0.0,0.00016968073
2021-09-04 23:00:00,test,0.0,0.00017298211
2021-09-05 00:00:00,test,0.0,0.0002929779
2021-09-05 01:00:00,test,0.0,0.00028847964
2021-09-05 02:00:00,test,0.0,0.0002805577
2021-09-05 03:00:00,test,0.0,0.00025923338
2021-09-05 04:00:00,test,0.0,0.00026728728
2021-09-05 05:00:00,test,0.0014815063887020847,0.00033947604
2021-09-05 06:00:00,test,0.0,0.0003452129
2021-09-05 07:00:00,test,0.003364189682141209,0.0004312001
2021-09-05 08:00:00,test,0.007265920204318453,0.0026870065
2021-09-05 09:00:00,test,0.007934536143344226,0.00096618244
2021-09-05 10:00:00,test,0.006706686808317176,0.00069976086
2021-09-05 11:00:00,test,0.005779242013364493,0.0019423668
2021-09-05 12:00:00,test,0.006706686808317176,0.0007266838
2021-09-05 13:00:00,test,0.008388526862209969,0.0006177253
2021-09-05 14:00:00,test,0.008892766737978263,0.001638339
2021-09-05 15:00:00,test,0.0016655708686306736,0.00054185925
2021-09-05 16:00:00,test,0.005997082015315758,0.00043346017
2021-09-05 17:00:00,test,0.002455129533862105,0.0003228687
2021-09-05 18:00:00,test,0.0,0.00035686514
2021-09-05 19:00:00,test,0.0014639220650558647,0.00040060843
2021-09-05 20:00:00,test,0.003278284971658886,0.0005115338
2021-09-05 21:00:00,test,0.0,0.00046260736
2021-09-05 22:00:00,test,0.0,0.00041505712
2021-09-05 23:00:00,test,0.003533249318592314,0.0005701336
2021-09-06 00:00:00,test,0.0,0.0006647634
2021-09-06 01:00:00,test,0.0,0.00080800586
2021-09-06 02:00:00,test,0.0,0.0007313922
2021-09-06 03:00:00,test,0.0017024754787482482,0.0006258341
2021-09-06 04:00:00,test,0.0,0.00081389537
2021-09-06 05:00:00,test,0.0,0.0007301279
2021-09-06 06:00:00,test,0.0014639220650558647,0.00076474337
2021-09-06 07:00:00,test,0.0017024754787482482,0.00074892805
2021-09-06 08:00:00,test,0.6660604656482751,0.5650136
2021-09-06 09:00:00,test,0.6516266648413288,0.9349918
2021-09-06 10:00:00,test,0.29362644643418656,0.50359136
2021-09-06 11:00:00,test,0.8317898749565926,0.95022076
2021-09-06 12:00:00,test,0.27604619849341294,0.46311718
2021-09-06 13:00:00,test,0.7572159645532968,0.85269606
2021-09-06 14:00:00,test,0.28314345307305827,0.19040479
2021-09-06 15:00:00,test,0.25120112960979796,0.3350316
2021-09-06 16:00:00,test,0.17382762926056694,0.057501286
2021-09-06 17:00:00,test,0.13849322884570509,0.03830495
2021-09-06 18:00:00,test,0.1566478498826561,0.070523486
2021-09-06 19:00:00,test,0.08075051265564812,0.016346714
2021-09-06 20:00:00,test,0.008106061610445057,0.0003145096
2021-09-06 21:00:00,test,0.004833151110632241,0.00028713784
2021-09-06 22:00:00,test,0.010648274283834799,0.0003064855
2021-09-06 23:00:00,test,0.004589062982842907,0.0002464729
2021-09-07 00:00:00,test,0.0042949679344636464,0.0005628918
2021-09-07 01:00:00,test,0.0013292682926829267,0.00026794276
2021-09-07 02:00:00,test,0.0028191468351930478,0.00032890425
2021-09-07 03:00:00,test,0.002876918709898561,0.00034912257
2021-09-07 04:00:00,test,0.011896308502314903,0.00024431245
2021-09-07 05:00:00,test,0.0030001543686322936,0.00028326234
2021-09-07 06:00:00,test,0.0030001543686322936,0.00031986952
2021-09-07 07:00:00,test,0.024373479606168282,0.0006659114
2021-09-07 08:00:00,test,0.4650475932194223,0.82945186
2021-09-07 09:00:00,test,0.759878214014744,0.97772264
2021-09-07 10:00:00,test,0.7101709037090749,0.9488315
2021-09-07 11:00:00,test,0.6312817665121289,0.8548758
2021-09-07 12:00:00,test,0.17180587748553927,0.10279952
2021-09-07 13:00:00,test,0.7086765805708525,0.9661356
2021-09-07 14:00:00,test,0.6776681733491341,0.9453878
2021-09-07 15:00:00,test,0.9027485105302046,0.99097615
2021-09-07 16:00:00,test,0.5679412710343708,0.9455193
2021-09-07 17:00:00,test,0.13493899512610705,0.068526745
2021-09-07 18:00:00,test,0.15971170382067024,0.24029984
2021-09-07 19:00:00,test,0.047618994758659654,0.0091967955
2021-09-07 20:00:00,test,0.03639270903893837,0.016251933
2021-09-07 21:00:00,test,0.014491443692051019,0.0031629256
2021-09-07 22:00:00,test,0.007820096871994236,0.002119116
2021-09-07 23:00:00,test,0.0028182963214426963,0.0006661834
2021-09-08 00:00:00,test,0.005770294684209675,0.0008081105
2021-09-08 01:00:00,test,0.0,0.00034153997
2021-09-08 02:00:00,test,0.0,0.00034782212
2021-09-08 03:00:00,test,0.0024179707397225646,0.00042361408
2021-09-08 04:00:00,test,0.012500891207018855,0.0013331071
2021-09-08 05:00:00,test,0.0,0.00032358174
2021-09-08 06:00:00,test,0.0,0.00023908408
2021-09-08 07:00:00,test,0.010810670652489673,0.00021317335
2021-09-08 08:00:00,test,0.5478388948291062,0.7514056
2021-09-08 09:00:00,test,0.7767610331551998,0.79191846
2021-09-08 10:00:00,test,0.44128060390298923,0.6609852
2021-09-08 11:00:00,test,0.4376310245196868,0.8825348
2021-09-08 12:00:00,test,0.13631405880499553,0.058697622
2021-09-08 13:00:00,test,0.17151795400544345,0.017300282
2021-09-08 14:00:00,test,0.4162259252203475,0.8107185
2021-09-08 15:00:00,test,0.37426108931333696,0.59482914
2021-09-08 16:00:00,test,0.3979050773943716,0.4212419
2021-09-08 17:00:00,test,0.3656453655108039,0.35560212
2021-09-08 18:00:00,test,0.2379266661612994,0.123801716
2021-09-08 19:00:00,test,0.16538074724893412,0.025184542
2021-09-08 20:00:00,test,0.02165818952717087,0.0012355738
2021-09-08 21:00:00,test,0.003323553695778963,0.0001761452
2021-09-08 22:00:00,test,0.012523030470343472,0.00032050017
2021-09-08 23:00:00,test,0.0015215211754537597,0.00019548336
2021-09-09 00:00:00,test,0.0007854590925330475,0.0006261876
2021-09-09 01:00:00,test,0.0,0.00018931735
2021-09-09 02:00:00,test,0.0,0.00030097025
2021-09-09 03:00:00,test,0.0,0.00024086577
2021-09-09 04:00:00,test,0.0,0.00015723224
2021-09-09 05:00:00,test,0.0,0.00022888806
2021-09-09 06:00:00,test,0.0,0.00027158926
2021-09-09 07:00:00,test,0.059074697583903144,0.0023305856
2021-09-09 08:00:00,test,0.5427421310457342,0.55829984
2021-09-09 09:00:00,test,0.7547712827769942,0.696783
2021-09-09 10:00:00,test,0.6358088407639404,0.69381195
2021-09-09 11:00:00,test,0.2847663778934806,0.30393952
2021-09-09 12:00:00,test,0.3038441289781268,0.12724338
2021-09-09 13:00:00,test,0.8102598619305631,0.9572043
2021-09-09 14:00:00,test,0.6928752151176973,0.94886446
2021-09-09 15:00:00,test,0.3728489753194561,0.6966356
2021-09-09 16:00:00,test,0.6936927204168193,0.82737243
2021-09-09 17:00:00,test,0.228501873004124,0.092436634
2021-09-09 18:00:00,test,0.21089717843537245,0.1330678
2021-09-09 19:00:00,test,0.09267276412860681,0.017548276
2021-09-09 20:00:00,test,0.007237694163455802,0.0014509202
2021-09-09 21:00:00,test,0.0024450545291723556,0.00077552075
2021-09-09 22:00:00,test,0.004837278953920911,0.0009344046
2021-09-09 23:00:00,test,0.0013292682926829267,0.00030332516
2021-09-10 00:00:00,test,0.0031436850384931486,0.0013792318
2021-09-10 01:00:00,test,0.0013292682926829267,0.0001336283
2021-09-10 02:00:00,test,0.0,0.0003185603
2021-09-10 03:00:00,test,0.0,0.00021187142
2021-09-10 04:00:00,test,0.0,0.0002153831
2021-09-10 05:00:00,test,0.0013292682926829267,0.00027341963
2021-09-10 06:00:00,test,0.0,0.0002653904
2021-09-10 07:00:00,test,0.0,0.0001666504
2021-09-10 08:00:00,test,0.6359507686745673,0.9035547
2021-09-10 09:00:00,test,0.8478831993999237,0.98302805
2021-09-10 10:00:00,test,0.9135961978520211,0.99257237
2021-09-10 11:00:00,test,0.7977477429139226,0.89486444
2021-09-10 12:00:00,test,0.13544412202152464,0.04823591
2021-09-10 13:00:00,test,0.7915811321048919,0.5861564
2021-09-10 14:00:00,test,0.9470481423040474,0.9982658
2021-09-10 15:00:00,test,0.7611819602760758,0.9231944
2021-09-10 16:00:00,test,0.8189155803356329,0.92964965
2021-09-10 17:00:00,test,0.5035344776879306,0.625297
2021-09-10 18:00:00,test,0.27859874957690595,0.22205932
2021-09-10 19:00:00,test,0.04251706910784396,0.0032918057
2021-09-10 20:00:00,test,0.004039488696190062,0.00088965945
2021-09-10 21:00:00,test,0.0009854910714285714,0.0004395093
2021-09-10 22:00:00,test,0.0019290378754897694,0.00036315134
2021-09-10 23:00:00,test,0.0,0.00039211486
2021-09-11 00:00:00,test,0.005008978295330756,0.00054979615
2021-09-11 01:00:00,test,0.0025396935348961564,0.00021225862
2021-09-11 02:00:00,test,0.0,0.00032816257
2021-09-11 03:00:00,test,0.0,0.00017483016
2021-09-11 04:00:00,test,0.0,0.00042131718
2021-09-11 05:00:00,test,0.0,0.00018339297
2021-09-11 06:00:00,test,0.0,0.00063069985
2021-09-11 07:00:00,test,0.002466370619130914,0.0004183705
2021-09-11 08:00:00,test,0.10819879883483444,0.015230474
2021-09-11 09:00:00,test,0.04058719392125712,0.0014994529
2021-09-11 10:00:00,test,0.0,0.00025332853
2021-09-11 11:00:00,test,0.0,0.0014859367
2021-09-11 12:00:00,test,0.004033295105049352,0.0004062161
2021-09-11 13:00:00,test,0.0023592223854828715,0.00058451033
2021-09-11 14:00:00,test,0.0,0.00047852893
2021-09-11 15:00:00,test,0.0,0.0005660275
2021-09-11 16:00:00,test,0.0,0.00016150992
2021-09-11 17:00:00,test,0.0,0.00013236608
2021-09-11 18:00:00,test,0.0,0.00014368615
2021-09-11 19:00:00,test,0.0,0.00018657092
2021-09-11 20:00:00,test,0.0,0.00021798938
2021-09-11 21:00:00,test,0.0,0.000223086
2021-09-11 22:00:00,test,0.0,0.0002059693
2021-09-11 23:00:00,test,0.0,0.00023372922
2021-09-12 00:00:00,test,0.0,0.00034386505
2021-09-12 01:00:00,test,0.0,0.00038374096
2021-09-12 02:00:00,test,0.0,0.00040732455
2021-09-12 03:00:00,test,0.0,0.00038931225
2021-09-12 04:00:00,test,0.0,0.00044543343
2021-09-12 05:00:00,test,0.0,0.00046854824
2021-09-12 06:00:00,test,0.0,0.00052018097
2021-09-12 07:00:00,test,0.0024249067238866916,0.0005284358
2021-09-12 08:00:00,test,0.004120092499827803,0.0059642033
2021-09-12 09:00:00,test,0.03193345886532492,0.0029524376
2021-09-12 10:00:00,test,0.003902682534240421,0.0025860216
2021-09-12 11:00:00,test,0.0017918699186991868,0.0026784753
2021-09-12 12:00:00,test,0.0032800695141138865,0.0009906003
2021-09-12 13:00:00,test,0.002761063615742706,0.002841931
2021-09-12 14:00:00,test,0.0015621468926553673,0.0024131588
2021-09-12 15:00:00,test,0.00947782204187088,0.003284859
2021-09-12 16:00:00,test,0.0,0.0005417255
2021-09-12 17:00:00,test,0.0,0.00053340854
2021-09-12 18:00:00,test,0.0,0.00048192896
2021-09-12 19:00:00,test,0.0,0.0004844446
2021-09-12 20:00:00,test,0.0,0.00039579626
2021-09-12 21:00:00,test,0.0,0.0004744021
2021-09-12 22:00:00,test,0.0009022403258655803,0.0005651556
2021-09-12 23:00:00,test,0.0,0.00046342646
2021-09-13 00:00:00,test,0.0,0.0006617769
2021-09-13 01:00:00,test,0.0,0.0006927222
2021-09-13 02:00:00,test,0.0011913746630727764,0.00053913804
2021-09-13 03:00:00,test,0.0,0.0007131137
2021-09-13 04:00:00,test,0.0012435087719298245,0.0008237694
2021-09-13 05:00:00,test,0.0,0.000696922
2021-09-13 06:00:00,test,0.0,0.0006431671
2021-09-13 07:00:00,test,0.0017918699186991868,0.00071635115
2021-09-13 08:00:00,test,0.8755680427990513,0.9723427
2021-09-13 09:00:00,test,0.96407256298617,0.99069583
2021-09-13 10:00:00,test,0.893350514169256,0.9300488
2021-09-13 11:00:00,test,0.9609863572241995,0.9880398
2021-09-13 12:00:00,test,0.2091709618826934,0.17348963
2021-09-13 13:00:00,test,0.871240688645192,0.98908615
2021-09-13 14:00:00,test,0.937156800162969,0.98772264
2021-09-13 15:00:00,test,0.8810109793437841,0.9635793
2021-09-13 16:00:00,test,0.4308915693016249,0.117905535
2021-09-13 17:00:00,test,0.383503635730015,0.20825787
2021-09-13 18:00:00,test,0.23418611954287652,0.10610152
2021-09-13 19:00:00,test,0.06431819309649393,0.0043635317
2021-09-13 20:00:00,test,0.005406611463868329,0.00051698927
2021-09-13 21:00:00,test,0.0018951871657754012,0.00028768505
2021-09-13 22:00:00,test,0.0018951871657754012,0.00013646182
2021-09-13 23:00:00,test,0.003856961149816967,0.00036088715
2021-09-14 00:00:00,test,0.02079625429664957,0.0010899828
2021-09-14 01:00:00,test,0.001565217391304348,0.00014308185
2021-09-14 02:00:00,test,0.0,0.00030124813
2021-09-14 03:00:00,test,0.0,0.00039979655
2021-09-14 04:00:00,test,0.0,0.00032356355
2021-09-14 05:00:00,test,0.0,0.0004513345
2021-09-14 06:00:00,test,0.0,0.000496776
2021-09-14 07:00:00,test,0.0645627610482688,0.0037288584
2021-09-14 08:00:00,test,0.7441999305627034,0.9144927
2021-09-14 09:00:00,test,0.8074350906741189,0.8810571
2021-09-14 10:00:00,test,0.722911934402146,0.92173755
2021-09-14 11:00:00,test,0.526076640575365,0.8400478
2021-09-14 12:00:00,test,0.1803848979474842,0.07622115
2021-09-14 13:00:00,test,0.69055218444107,0.7340873
2021-09-14 14:00:00,test,0.3645224739051146,0.60940933
2021-09-14 15:00:00,test,0.12596724826692873,0.08412827
2021-09-14 16:00:00,test,0.20385921923839664,0.041187625
2021-09-14 17:00:00,test,0.06768037853971971,0.02270877
2021-09-14 18:00:00,test,0.11602297200864656,0.036223177
2021-09-14 19:00:00,test,0.043509965355515344,0.018809047
2021-09-14 20:00:00,test,0.061503074579914385,0.0039990777
2021-09-14 21:00:00,test,0.016746978578178296,0.0012908059
2021-09-14 22:00:00,test,0.014182144550097912,0.00077305746
2021-09-14 23:00:00,test,0.003416708341229161,0.00045764106
