Date,actual_label,predicted_label,risk_probability,actual_power
2021-09-01 00:00:00,0,0,0.0024806384,83
2021-09-01 01:00:00,0,0,0.00034884227,117
2021-09-01 02:00:00,0,0,0.0004773185,121
2021-09-01 03:00:00,0,0,0.000567746,103
2021-09-01 04:00:00,0,0,0.00039365643,119
2021-09-01 05:00:00,0,0,0.00072736107,112
2021-09-01 06:00:00,0,0,0.00043089542,119
2021-09-01 07:00:00,0,0,0.0031689662,139
2021-09-01 08:00:00,1,0,0.24752387,198
2021-09-01 09:00:00,1,1,0.9917133,189
2021-09-01 10:00:00,1,1,0.9551845,196
2021-09-01 11:00:00,1,1,0.9966763,180
2021-09-01 12:00:00,0,0,0.051450722,138
2021-09-01 13:00:00,1,1,0.97782075,190
2021-09-01 14:00:00,1,1,0.99650985,192
2021-09-01 15:00:00,1,1,0.9898134,182
2021-09-01 16:00:00,1,1,0.9080451,187
2021-09-01 17:00:00,1,0,0.27620074,180
2021-09-01 18:00:00,0,0,0.46815923,167
2021-09-01 19:00:00,0,0,0.04159864,163
2021-09-01 20:00:00,0,0,0.0017926592,139
2021-09-01 21:00:00,0,0,0.00060716236,133
2021-09-01 22:00:00,0,0,0.00031871584,128
2021-09-01 23:00:00,0,0,0.00023345994,121
2021-09-02 00:00:00,0,0,0.0028868867,87
2021-09-02 01:00:00,0,0,0.00021618078,119
2021-09-02 02:00:00,0,0,0.00022545739,119
2021-09-02 03:00:00,0,0,0.0003024666,118
2021-09-02 04:00:00,0,0,0.00025527086,120
2021-09-02 05:00:00,0,0,0.000278653,108
2021-09-02 06:00:00,0,0,0.00028246545,117
2021-09-02 07:00:00,0,0,0.00019492295,160
2021-09-02 08:00:00,0,0,0.63446844,171
2021-09-02 09:00:00,1,1,0.87059313,198
2021-09-02 10:00:00,1,1,0.99131,188
2021-09-02 11:00:00,1,1,0.8626065,188
2021-09-02 12:00:00,0,0,0.017836137,130
2021-09-02 13:00:00,1,1,0.84428006,183
2021-09-02 14:00:00,1,1,0.9823631,195
2021-09-02 15:00:00,0,1,0.99529487,177
2021-09-02 16:00:00,1,1,0.8450604,181
2021-09-02 17:00:00,0,0,0.25765362,153
2021-09-02 18:00:00,0,0,0.23084545,167
2021-09-02 19:00:00,0,0,0.010677255,173
2021-09-02 20:00:00,0,0,0.0021380293,143
2021-09-02 21:00:00,0,0,0.00087218673,138
2021-09-02 22:00:00,0,0,0.0008417038,129
2021-09-02 23:00:00,0,0,0.0014172562,129
2021-09-03 00:00:00,0,0,0.0016294911,71
2021-09-03 01:00:00,0,0,0.00034022916,119
2021-09-03 02:00:00,0,0,0.00023941873,117
2021-09-03 03:00:00,0,0,0.0003025064,114
2021-09-03 04:00:00,0,0,0.00024194593,113
2021-09-03 05:00:00,0,0,0.00018868102,111
2021-09-03 06:00:00,0,0,0.0003435326,114
2021-09-03 07:00:00,0,0,0.00035507252,147
2021-09-03 08:00:00,1,1,0.85486627,179
2021-09-03 09:00:00,0,1,0.94905305,178
2021-09-03 10:00:00,0,1,0.9639337,169
2021-09-03 11:00:00,1,1,0.88671166,190
2021-09-03 12:00:00,0,0,0.054618284,122
2021-09-03 13:00:00,0,1,0.8869691,176
2021-09-03 14:00:00,1,1,0.8336422,181
2021-09-03 15:00:00,0,0,0.5820358,162
2021-09-03 16:00:00,0,0,0.08032157,165
2021-09-03 17:00:00,0,0,0.09500391,170
2021-09-03 18:00:00,0,0,0.06874288,158
2021-09-03 19:00:00,0,0,0.0034653642,156
2021-09-03 20:00:00,0,0,0.0003988793,118
2021-09-03 21:00:00,0,0,0.00036155936,113
2021-09-03 22:00:00,0,0,0.00018804702,119
2021-09-03 23:00:00,0,0,0.00025100028,112
2021-09-04 00:00:00,0,0,0.001440283,69
2021-09-04 01:00:00,0,0,0.00015384864,114
2021-09-04 02:00:00,0,0,0.0003524307,107
2021-09-04 03:00:00,0,0,0.00021672313,103
2021-09-04 04:00:00,0,0,0.00017892949,112
2021-09-04 05:00:00,0,0,0.00014355565,105
2021-09-04 06:00:00,0,0,0.00034962187,116
2021-09-04 07:00:00,0,0,0.00015152547,97
2021-09-04 08:00:00,0,0,0.015222159,37
2021-09-04 09:00:00,0,0,0.0017582823,32
2021-09-04 10:00:00,0,0,0.0015381485,36
2021-09-04 11:00:00,0,0,0.0018496423,32
2021-09-04 12:00:00,0,0,0.00047923668,34
2021-09-04 13:00:00,0,0,0.0027321565,37
2021-09-04 14:00:00,0,0,0.0011668191,35
2021-09-04 15:00:00,0,0,0.001114373,33
2021-09-04 16:00:00,0,0,0.0010752579,43
2021-09-04 17:00:00,0,0,0.00048028099,40
2021-09-04 18:00:00,0,0,0.00019742451,29
2021-09-04 19:00:00,0,0,0.00012562229,25
2021-09-04 20:00:00,0,0,0.00016201011,27
2021-09-04 21:00:00,0,0,0.00020902553,23
2021-09-04 22:00:00,0,0,0.00016968073,23
2021-09-04 23:00:00,0,0,0.00017298211,23
2021-09-05 00:00:00,0,0,0.0002929779,26
2021-09-05 01:00:00,0,0,0.00028847964,22
2021-09-05 02:00:00,0,0,0.0002805577,22
2021-09-05 03:00:00,0,0,0.00025923338,22
2021-09-05 04:00:00,0,0,0.00026728728,27
2021-09-05 05:00:00,0,0,0.00033947604,22
2021-09-05 06:00:00,0,0,0.0003452129,22
2021-09-05 07:00:00,0,0,0.0004312001,22
2021-09-05 08:00:00,0,0,0.0026870065,27
2021-09-05 09:00:00,0,0,0.00096618244,23
2021-09-05 10:00:00,0,0,0.00069976086,22
2021-09-05 11:00:00,0,0,0.0019423668,22
2021-09-05 12:00:00,0,0,0.0007266838,26
2021-09-05 13:00:00,0,0,0.0006177253,23
2021-09-05 14:00:00,0,0,0.001638339,23
2021-09-05 15:00:00,0,0,0.00054185925,28
2021-09-05 16:00:00,0,0,0.00043346017,25
2021-09-05 17:00:00,0,0,0.0003228687,23
2021-09-05 18:00:00,0,0,0.00035686514,22
2021-09-05 19:00:00,0,0,0.00040060843,27
2021-09-05 20:00:00,0,0,0.0005115338,23
2021-09-05 21:00:00,0,0,0.00046260736,23
2021-09-05 22:00:00,0,0,0.00041505712,27
2021-09-05 23:00:00,0,0,0.0005701336,24
2021-09-06 00:00:00,0,0,0.0006647634,22
2021-09-06 01:00:00,0,0,0.00080800586,22
2021-09-06 02:00:00,0,0,0.0007313922,27
2021-09-06 03:00:00,0,0,0.0006258341,22
2021-09-06 04:00:00,0,0,0.00081389537,22
2021-09-06 05:00:00,0,0,0.0007301279,24
2021-09-06 06:00:00,0,0,0.00076474337,26
2021-09-06 07:00:00,0,0,0.00074892805,81
2021-09-06 08:00:00,1,0,0.5650136,180
2021-09-06 09:00:00,0,1,0.9349918,165
2021-09-06 10:00:00,1,0,0.50359136,190
2021-09-06 11:00:00,1,1,0.95022076,180
2021-09-06 12:00:00,0,0,0.46311718,124
2021-09-06 13:00:00,0,1,0.85269606,164
2021-09-06 14:00:00,0,0,0.19040479,163
2021-09-06 15:00:00,0,0,0.3350316,171
2021-09-06 16:00:00,0,0,0.057501286,152
2021-09-06 17:00:00,0,0,0.03830495,148
2021-09-06 18:00:00,0,0,0.070523486,154
2021-09-06 19:00:00,0,0,0.016346714,145
2021-09-06 20:00:00,0,0,0.0003145096,128
2021-09-06 21:00:00,0,0,0.00028713784,133
2021-09-06 22:00:00,0,0,0.0003064855,114
2021-09-06 23:00:00,0,0,0.0002464729,118
2021-09-07 00:00:00,0,0,0.0005628918,74
2021-09-07 01:00:00,0,0,0.00026794276,121
2021-09-07 02:00:00,0,0,0.00032890425,118
2021-09-07 03:00:00,0,0,0.00034912257,123
2021-09-07 04:00:00,0,0,0.00024431245,120
2021-09-07 05:00:00,0,0,0.00028326234,116
2021-09-07 06:00:00,0,0,0.00031986952,124
2021-09-07 07:00:00,0,0,0.0006659114,160
2021-09-07 08:00:00,1,1,0.82945186,192
2021-09-07 09:00:00,0,1,0.97772264,174
2021-09-07 10:00:00,0,1,0.9488315,178
2021-09-07 11:00:00,1,1,0.8548758,183
2021-09-07 12:00:00,0,0,0.10279952,140
2021-09-07 13:00:00,1,1,0.9661356,189
2021-09-07 14:00:00,1,1,0.9453878,191
2021-09-07 15:00:00,0,1,0.99097615,174
2021-09-07 16:00:00,0,1,0.9455193,167
2021-09-07 17:00:00,0,0,0.068526745,161
2021-09-07 18:00:00,0,0,0.24029984,165
2021-09-07 19:00:00,0,0,0.0091967955,158
2021-09-07 20:00:00,0,0,0.016251933,141
2021-09-07 21:00:00,0,0,0.0031629256,134
2021-09-07 22:00:00,0,0,0.002119116,122
2021-09-07 23:00:00,0,0,0.0006661834,126
2021-09-08 00:00:00,0,0,0.0008081105,78
2021-09-08 01:00:00,0,0,0.00034153997,115
2021-09-08 02:00:00,0,0,0.00034782212,126
2021-09-08 03:00:00,0,0,0.00042361408,122
2021-09-08 04:00:00,0,0,0.0013331071,116
2021-09-08 05:00:00,0,0,0.00032358174,109
2021-09-08 06:00:00,0,0,0.00023908408,123
2021-09-08 07:00:00,0,0,0.00021317335,154
2021-09-08 08:00:00,1,1,0.7514056,181
2021-09-08 09:00:00,0,1,0.79191846,163
2021-09-08 10:00:00,0,1,0.6609852,160
2021-09-08 11:00:00,0,1,0.8825348,168
2021-09-08 12:00:00,0,0,0.058697622,63
2021-09-08 13:00:00,0,0,0.017300282,165
2021-09-08 14:00:00,0,1,0.8107185,178
2021-09-08 15:00:00,1,0,0.59482914,183
2021-09-08 16:00:00,0,0,0.4212419,170
2021-09-08 17:00:00,1,0,0.35560212,182
2021-09-08 18:00:00,0,0,0.123801716,170
2021-09-08 19:00:00,0,0,0.025184542,163
2021-09-08 20:00:00,0,0,0.0012355738,111
2021-09-08 21:00:00,0,0,0.0001761452,127
2021-09-08 22:00:00,0,0,0.00032050017,116
2021-09-08 23:00:00,0,0,0.00019548336,111
2021-09-09 00:00:00,0,0,0.0006261876,79
2021-09-09 01:00:00,0,0,0.00018931735,99
2021-09-09 02:00:00,0,0,0.00030097025,114
2021-09-09 03:00:00,0,0,0.00024086577,116
2021-09-09 04:00:00,0,0,0.00015723224,114
2021-09-09 05:00:00,0,0,0.00022888806,109
2021-09-09 06:00:00,0,0,0.00027158926,121
2021-09-09 07:00:00,0,0,0.0023305856,152
2021-09-09 08:00:00,1,0,0.55829984,187
2021-09-09 09:00:00,0,1,0.696783,176
2021-09-09 10:00:00,0,1,0.69381195,169
2021-09-09 11:00:00,1,0,0.30393952,190
2021-09-09 12:00:00,0,0,0.12724338,129
2021-09-09 13:00:00,0,1,0.9572043,176
2021-09-09 14:00:00,0,1,0.94886446,168
2021-09-09 15:00:00,1,1,0.6966356,185
2021-09-09 16:00:00,0,1,0.82737243,168
2021-09-09 17:00:00,0,0,0.092436634,168
2021-09-09 18:00:00,0,0,0.1330678,172
2021-09-09 19:00:00,0,0,0.017548276,158
2021-09-09 20:00:00,0,0,0.0014509202,134
2021-09-09 21:00:00,0,0,0.00077552075,134
2021-09-09 22:00:00,0,0,0.0009344046,118
2021-09-09 23:00:00,0,0,0.00030332516,116
2021-09-10 00:00:00,0,0,0.0013792318,83
2021-09-10 01:00:00,0,0,0.0001336283,109
2021-09-10 02:00:00,0,0,0.0003185603,118
2021-09-10 03:00:00,0,0,0.00021187142,116
2021-09-10 04:00:00,0,0,0.0002153831,117
2021-09-10 05:00:00,0,0,0.00027341963,107
2021-09-10 06:00:00,0,0,0.0002653904,118
2021-09-10 07:00:00,0,0,0.0001666504,150
2021-09-10 08:00:00,1,1,0.9035547,192
2021-09-10 09:00:00,1,1,0.98302805,204
2021-09-10 10:00:00,1,1,0.99257237,181
2021-09-10 11:00:00,1,1,0.89486444,188
2021-09-10 12:00:00,0,0,0.04823591,128
2021-09-10 13:00:00,1,0,0.5861564,191
2021-09-10 14:00:00,1,1,0.9982658,190
2021-09-10 15:00:00,1,1,0.9231944,191
2021-09-10 16:00:00,0,1,0.92964965,171
2021-09-10 17:00:00,0,0,0.625297,157
2021-09-10 18:00:00,0,0,0.22205932,162
2021-09-10 19:00:00,0,0,0.0032918057,148
2021-09-10 20:00:00,0,0,0.00088965945,121
2021-09-10 21:00:00,0,0,0.0004395093,126
2021-09-10 22:00:00,0,0,0.00036315134,109
2021-09-10 23:00:00,0,0,0.00039211486,105
2021-09-11 00:00:00,0,0,0.00054979615,69
2021-09-11 01:00:00,0,0,0.00021225862,105
2021-09-11 02:00:00,0,0,0.00032816257,99
2021-09-11 03:00:00,0,0,0.00017483016,107
2021-09-11 04:00:00,0,0,0.00042131718,93
2021-09-11 05:00:00,0,0,0.00018339297,98
2021-09-11 06:00:00,0,0,0.00063069985,97
2021-09-11 07:00:00,0,0,0.0004183705,73
2021-09-11 08:00:00,0,0,0.015230474,23
2021-09-11 09:00:00,0,0,0.0014994529,23
2021-09-11 10:00:00,0,0,0.00025332853,23
2021-09-11 11:00:00,0,0,0.0014859367,23
2021-09-11 12:00:00,0,0,0.0004062161,28
2021-09-11 13:00:00,0,0,0.00058451033,25
2021-09-11 14:00:00,0,0,0.00047852893,24
2021-09-11 15:00:00,0,0,0.0005660275,24
2021-09-11 16:00:00,0,0,0.00016150992,24
2021-09-11 17:00:00,0,0,0.00013236608,24
2021-09-11 18:00:00,0,0,0.00014368615,24
2021-09-11 19:00:00,0,0,0.00018657092,28
2021-09-11 20:00:00,0,0,0.00021798938,24
2021-09-11 21:00:00,0,0,0.000223086,24
2021-09-11 22:00:00,0,0,0.0002059693,24
2021-09-11 23:00:00,0,0,0.00023372922,23
2021-09-12 00:00:00,0,0,0.00034386505,23
2021-09-12 01:00:00,0,0,0.00038374096,24
2021-09-12 02:00:00,0,0,0.00040732455,27
2021-09-12 03:00:00,0,0,0.00038931225,23
2021-09-12 04:00:00,0,0,0.00044543343,23
2021-09-12 05:00:00,0,0,0.00046854824,23
2021-09-12 06:00:00,0,0,0.00052018097,23
2021-09-12 07:00:00,0,0,0.0005284358,23
2021-09-12 08:00:00,0,0,0.0059642033,28
2021-09-12 09:00:00,0,0,0.0029524376,24
2021-09-12 10:00:00,0,0,0.0025860216,24
2021-09-12 11:00:00,0,0,0.0026784753,23
2021-09-12 12:00:00,0,0,0.0009906003,23
2021-09-12 13:00:00,0,0,0.002841931,23
2021-09-12 14:00:00,0,0,0.0024131588,28
2021-09-12 15:00:00,0,0,0.003284859,24
2021-09-12 16:00:00,0,0,0.0005417255,24
2021-09-12 17:00:00,0,0,0.00053340854,23
2021-09-12 18:00:00,0,0,0.00048192896,24
2021-09-12 19:00:00,0,0,0.0004844446,24
2021-09-12 20:00:00,0,0,0.00039579626,24
2021-09-12 21:00:00,0,0,0.0004744021,28
2021-09-12 22:00:00,0,0,0.0005651556,24
2021-09-12 23:00:00,0,0,0.00046342646,24
2021-09-13 00:00:00,0,0,0.0006617769,23
2021-09-13 01:00:00,0,0,0.0006927222,23
2021-09-13 02:00:00,0,0,0.00053913804,23
2021-09-13 03:00:00,0,0,0.0007131137,25
2021-09-13 04:00:00,0,0,0.0008237694,28
2021-09-13 05:00:00,0,0,0.000696922,23
2021-09-13 06:00:00,0,0,0.0006431671,24
2021-09-13 07:00:00,0,0,0.00071635115,111
2021-09-13 08:00:00,1,1,0.9723427,196
2021-09-13 09:00:00,1,1,0.99069583,188
2021-09-13 10:00:00,1,1,0.9300488,189
2021-09-13 11:00:00,1,1,0.9880398,191
2021-09-13 12:00:00,0,0,0.17348963,130
2021-09-13 13:00:00,1,1,0.98908615,191
2021-09-13 14:00:00,1,1,0.98772264,182
2021-09-13 15:00:00,0,1,0.9635793,177
2021-09-13 16:00:00,1,0,0.117905535,182
2021-09-13 17:00:00,0,0,0.20825787,160
2021-09-13 18:00:00,0,0,0.10610152,162
2021-09-13 19:00:00,0,0,0.0043635317,162
2021-09-13 20:00:00,0,0,0.00051698927,126
2021-09-13 21:00:00,0,0,0.00028768505,131
2021-09-13 22:00:00,0,0,0.00013646182,122
2021-09-13 23:00:00,0,0,0.00036088715,123
2021-09-14 00:00:00,0,0,0.0010899828,72
2021-09-14 01:00:00,0,0,0.00014308185,116
2021-09-14 02:00:00,0,0,0.00030124813,115
2021-09-14 03:00:00,0,0,0.00039979655,114
2021-09-14 04:00:00,0,0,0.00032356355,115
2021-09-14 05:00:00,0,0,0.0004513345,115
2021-09-14 06:00:00,0,0,0.000496776,112
2021-09-14 07:00:00,0,0,0.0037288584,156
2021-09-14 08:00:00,1,1,0.9144927,184
2021-09-14 09:00:00,0,1,0.8810571,178
2021-09-14 10:00:00,0,1,0.92173755,161
2021-09-14 11:00:00,1,1,0.8400478,180
2021-09-14 12:00:00,0,0,0.07622115,135
2021-09-14 13:00:00,0,1,0.7340873,173
2021-09-14 14:00:00,0,0,0.60940933,162
2021-09-14 15:00:00,0,0,0.08412827,175
2021-09-14 16:00:00,0,0,0.041187625,165
2021-09-14 17:00:00,0,0,0.02270877,146
2021-09-14 18:00:00,0,0,0.036223177,164
2021-09-14 19:00:00,0,0,0.018809047,171
2021-09-14 20:00:00,0,0,0.0039990777,130
2021-09-14 21:00:00,0,0,0.0012908059,134
2021-09-14 22:00:00,0,0,0.00077305746,120
2021-09-14 23:00:00,0,0,0.00045764106,119
